ticket_handle,game_handle,outcome_h_plus,outcome_h,outcome_t,outcome_v,outcome_v_plus
2594,56,0,0,1,0,0
2594,28,0,0,0,0,0
2594,48,0,0,0,1,1
2594,43,0,0,0,1,1
2594,60,1,1,0,0,0
2594,61,1,1,0,0,0
2594,62,1,1,0,0,0
2594,63,1,1,0,0,0
2594,64,1,1,0,0,0
2594,65,0,0,0,0,0
2594,66,0,0,0,0,0
2594,67,0,0,0,0,0
2594,69,0,1,0,0,0
2594,80,0,0,0,0,0
2594,81,0,1,0,0,0
2594,53,0,1,0,0,0
2594,26,0,1,0,0,0
2594,27,0,1,0,0,0
2594,22,0,0,0,1,1
2594,49,0,0,0,1,1
2594,46,0,0,1,0,0
2594,45,0,0,1,0,0
2594,42,0,0,0,1,1
2594,29,0,0,0,1,1
2594,40,0,0,0,0,0
2594,41,0,1,0,0,0
2594,1,0,0,1,0,0
2594,3,0,0,1,0,0
2594,2,0,0,1,0,0
2594,5,0,1,0,0,0
2594,18,0,0,0,1,1
2594,7,0,0,0,1,1
2594,6,0,0,0,0,0
2594,9,0,0,0,0,0
2594,8,1,1,0,0,0
2594,68,0,0,0,0,0
2594,77,0,0,0,0,0
2594,76,0,1,0,0,0
2594,75,0,0,1,0,0
2594,74,0,0,1,0,0
2594,73,0,0,1,0,0
2594,72,0,1,0,0,0
2594,71,0,0,1,0,0
2594,70,0,1,0,0,0
2594,59,0,1,0,0,0
2594,79,0,1,0,0,0
2594,78,0,0,0,0,0
2594,11,0,0,0,0,0
2594,10,0,0,0,1,1
2594,12,0,0,0,1,1
2594,15,0,0,0,1,1
2594,58,1,1,0,0,0
2594,14,0,0,0,0,0
2594,16,0,0,1,0,0
2594,19,1,1,0,0,0
2594,54,0,0,1,0,0
2594,31,1,1,0,0,0
2594,30,0,0,1,0,0
2594,51,1,1,0,0,0
2594,36,1,1,0,0,0
2594,35,1,1,0,0,0
2594,52,0,0,0,1,1
2594,55,0,0,0,1,1
2594,37,0,1,1,0,0
2594,32,0,0,1,0,0
2594,17,0,0,0,0,0
2594,57,1,1,0,0,0
2594,50,0,0,0,0,0
2595,28,0,0,0,0,0
2595,43,0,0,0,1,1
2595,82,0,0,0,0,0
2595,88,0,0,0,0,0
2595,67,1,1,0,0,0
2595,68,0,1,1,0,0
2595,83,0,1,0,0,0
2595,81,0,1,0,0,0
2595,86,0,0,0,0,0
2595,87,0,1,0,0,0
2595,85,0,0,0,0,0
2595,26,0,1,0,0,0
2595,27,0,1,0,0,0
2595,22,0,0,0,1,1
2595,49,1,1,0,0,0
2595,46,0,0,1,0,0
2595,45,0,0,1,0,0
2595,42,0,0,0,1,1
2595,29,0,0,0,1,1
2595,40,0,0,0,0,0
2595,41,0,1,0,0,0
2595,1,0,0,1,0,0
2595,3,0,0,1,0,0
2595,2,0,0,1,0,0
2595,5,0,1,0,0,0
2595,7,0,0,0,1,1
2595,6,0,0,0,0,0
2595,9,0,0,0,0,0
2595,8,1,1,0,0,0
2595,70,1,1,0,0,0
2595,69,0,0,0,1,1
2595,14,0,0,1,0,0
2595,11,0,0,0,0,0
2595,10,0,0,0,1,1
2595,12,0,0,0,1,1
2595,15,0,0,0,1,1
2595,48,0,0,0,1,1
2595,17,0,0,0,0,0
2595,16,0,0,1,0,0
2595,19,0,0,0,1,1
2595,32,0,0,1,0,0
2595,31,1,1,0,0,0
2595,30,0,0,1,0,0
2595,51,0,0,0,0,0
2595,36,1,1,0,0,0
2595,35,1,1,0,0,0
2595,37,0,1,1,0,0
2595,18,0,0,0,1,1
2595,50,1,1,0,0,0
2596,30,0,1,1,0,0
2596,54,0,1,0,0,0
2596,42,0,0,0,0,0
2596,29,0,0,1,0,0
2596,24,0,1,0,0,0
2596,25,0,0,0,1,1
2596,26,0,0,0,1,1
2596,27,1,1,0,0,0
2596,20,0,0,0,1,1
2596,21,0,0,1,0,0
2596,22,0,0,0,1,1
2596,49,0,1,0,0,0
2596,46,0,1,0,0,0
2596,47,0,1,0,0,0
2596,44,0,0,0,0,0
2596,45,0,0,1,0,0
2596,28,0,1,1,0,0
2596,43,0,0,1,0,0
2596,40,0,0,0,0,0
2596,41,0,0,0,0,0
2596,9,0,0,0,0,0
2596,39,0,0,0,0,0
2596,38,0,1,0,0,0
2596,11,0,0,0,0,0
2596,10,0,0,0,1,1
2596,13,0,0,1,0,0
2596,12,0,0,0,1,1
2596,48,0,0,0,0,0
2596,19,1,1,0,0,0
2596,18,0,0,0,1,1
2596,31,1,1,0,0,0
2596,23,0,1,0,0,0
2596,51,0,0,0,0,0
2596,50,0,0,0,0,0
2596,53,0,1,0,0,0
2596,52,0,0,1,0,0
2596,55,0,1,0,0,0
2596,32,0,0,0,1,1
2597,56,1,1,0,0,0
2597,53,0,1,0,0,0
2597,51,0,0,0,0,0
2597,36,1,1,0,0,0
2597,60,0,1,0,0,0
2597,61,0,0,0,0,0
2597,62,0,1,0,0,0
2597,63,1,1,0,0,0
2597,64,1,1,0,0,0
2597,65,0,0,0,1,1
2597,66,0,0,0,1,1
2597,67,0,0,0,1,1
2597,82,0,0,1,0,0
2597,83,0,1,0,0,0
2597,80,0,0,0,0,0
2597,81,0,0,0,0,0
2597,86,0,1,0,0,0
2597,87,0,1,0,0,0
2597,84,0,1,0,0,0
2597,85,0,1,0,0,0
2597,24,1,1,0,0,0
2597,25,0,0,0,0,0
2597,26,0,0,0,1,1
2597,27,0,0,0,0,0
2597,20,1,1,0,0,0
2597,21,0,0,0,1,1
2597,22,0,0,1,0,0
2597,49,1,1,0,0,0
2597,46,1,1,0,0,0
2597,23,0,0,0,1,1
2597,44,0,0,1,0,0
2597,45,0,0,1,0,0
2597,1,0,0,1,0,0
2597,3,1,1,0,0,0
2597,2,1,1,0,0,0
2597,5,0,0,1,0,0
2597,4,1,1,0,0,0
2597,7,0,0,1,0,0
2597,6,0,0,0,0,0
2597,9,0,0,0,1,1
2597,8,0,1,0,0,0
2597,52,0,0,0,1,1
2597,68,0,1,0,0,0
2597,77,0,1,0,0,0
2597,76,0,1,0,0,0
2597,75,0,0,1,0,0
2597,73,0,0,1,0,0
2597,72,0,0,0,1,1
2597,71,0,0,0,1,1
2597,47,0,0,0,1,1
2597,79,0,1,0,0,0
2597,78,0,0,0,0,0
2597,10,0,0,0,0,0
2597,39,0,0,1,0,0
2597,12,0,0,0,1,1
2597,59,1,1,0,0,0
2597,58,0,0,0,0,0
2597,14,0,0,0,0,0
2597,55,0,0,1,0,0
2597,54,1,1,0,0,0
2597,57,0,0,0,1,1
2597,30,0,1,0,0,0
2597,37,0,0,1,0,0
2597,50,0,0,0,1,1
2597,35,0,0,0,1,1
2597,34,0,0,0,0,0
2597,89,0,0,1,0,0
2597,88,0,1,0,0,0
2597,32,0,0,0,0,0
2597,31,0,0,1,0,0
2590,24,0,0,0,0,0
2590,25,0,0,0,0,0
2590,26,0,0,0,0,0
2590,27,0,1,0,0,0
2590,20,1,1,0,0,0
2590,21,0,0,1,0,0
2590,22,0,0,0,0,0
2590,23,0,1,0,0,0
2590,28,0,1,0,0,0
2590,29,0,0,0,0,0
2590,1,0,1,0,0,0
2590,3,1,1,0,0,0
2590,2,1,1,0,0,0
2590,5,0,0,0,0,0
2590,4,1,1,0,0,0
2590,6,1,1,0,0,0
2590,9,0,1,1,0,0
2590,8,1,1,0,0,0
2590,11,0,0,0,1,1
2590,10,0,0,0,1,1
2590,13,0,0,0,1,1
2590,12,0,1,1,0,0
2590,15,0,1,1,0,0
2590,17,1,1,0,0,0
2590,16,0,1,1,0,0
2590,19,0,0,0,1,1
2590,18,1,1,0,0,0
2590,31,0,0,0,0,0
2590,30,0,0,0,0,0
2591,56,0,0,0,1,1
2591,28,1,1,0,0,0
2591,15,0,0,0,1,1
2591,60,1,1,0,0,0
2591,88,0,0,1,0,0
2591,63,1,1,0,0,0
2591,64,0,0,0,1,1
2591,66,1,1,0,0,0
2591,69,0,1,1,0,0
2591,82,0,0,0,0,0
2591,83,0,1,0,0,0
2591,80,0,0,0,0,0
2591,81,0,0,0,0,0
2591,86,0,1,0,0,0
2591,87,0,1,0,0,0
2591,84,0,0,0,0,0
2591,85,0,0,1,0,0
2591,24,1,1,0,0,0
2591,25,1,1,0,0,0
2591,26,0,0,0,0,0
2591,27,1,1,0,0,0
2591,20,0,0,0,1,1
2591,21,0,0,0,1,1
2591,48,1,1,0,0,0
2591,49,0,0,0,1,1
2591,46,0,0,0,1,1
2591,23,0,0,1,0,0
2591,44,1,1,0,0,0
2591,45,0,1,0,0,0
2591,42,0,1,0,0,0
2591,43,0,1,0,0,0
2591,40,0,0,0,0,0
2591,1,1,1,0,0,0
2591,3,0,0,1,0,0
2591,2,0,0,1,0,0
2591,5,0,0,0,0,0
2591,79,0,1,0,0,0
2591,7,0,0,0,1,1
2591,6,0,0,0,1,1
2591,9,0,0,1,0,0
2591,8,0,0,0,0,0
2591,78,0,1,0,0,0
2591,89,0,0,0,0,0
2591,39,0,0,0,1,1
2591,34,0,1,0,0,0
2591,77,0,0,0,0,0
2591,98,0,0,1,0,0
2591,74,0,0,0,1,1
2591,47,0,0,0,1,1
2591,72,0,0,0,1,1
2591,71,0,0,0,1,1
2591,70,0,1,1,0,0
2591,90,0,1,0,0,0
2591,93,0,0,1,0,0
2591,95,0,0,1,0,0
2591,94,0,0,0,0,0
2591,97,0,0,1,0,0
2591,96,0,0,1,0,0
2591,11,0,0,1,0,0
2591,10,0,0,1,0,0
2591,13,1,1,0,0,0
2591,12,0,1,0,0,0
2591,59,1,1,0,0,0
2591,22,0,0,0,1,1
2591,14,1,1,0,0,0
2591,76,0,0,0,1,1
2591,19,0,0,1,1,1
2591,57,1,1,0,0,0
2591,30,0,0,0,1,1
2591,51,1,1,0,0,0
2591,36,1,1,0,0,0
2591,53,0,0,1,0,0
2591,52,0,0,0,1,1
2591,99,0,0,1,0,0
2591,33,1,1,0,0,0
2591,55,1,1,0,0,0
2591,16,1,1,0,0,0
2591,54,1,1,0,0,0
2591,17,0,0,1,0,0
2591,31,0,0,0,0,0
2591,50,1,1,0,0,0
2592,42,0,1,0,0,0
2592,60,1,1,0,0,0
2592,64,1,1,0,0,0
2592,65,0,1,1,0,0
2592,67,0,1,1,0,0
2592,82,0,0,0,0,0
2592,83,0,0,1,0,0
2592,80,0,0,1,0,0
2592,81,0,0,1,0,0
2592,86,0,0,0,0,0
2592,84,0,1,0,0,0
2592,85,0,0,0,0,0
2592,24,1,1,0,0,0
2592,25,1,1,0,0,0
2592,26,0,0,0,0,0
2592,27,1,1,0,0,0
2592,20,0,0,0,1,1
2592,21,0,1,0,0,0
2592,22,0,0,0,1,1
2592,23,0,0,1,0,0
2592,46,0,0,0,1,1
2592,47,0,0,0,1,1
2592,44,1,1,0,0,0
2592,45,1,1,0,0,0
2592,28,1,1,0,0,0
2592,43,0,1,0,0,0
2592,40,0,0,0,0,0
2592,1,1,1,0,0,0
2592,3,0,0,1,0,0
2592,2,0,0,1,0,0
2592,5,0,0,0,0,0
2592,4,0,0,0,0,0
2592,7,0,0,0,1,1
2592,6,0,0,0,1,1
2592,9,0,0,1,0,0
2592,8,0,0,0,0,0
2592,13,1,1,0,0,0
2592,15,0,0,0,1,1
2592,79,0,0,1,0,0
2592,14,1,1,0,0,0
2592,11,0,0,1,0,0
2592,10,0,0,1,0,0
2592,39,0,0,0,1,1
2592,12,0,1,0,0,0
2592,59,1,1,0,0,0
2592,58,0,1,1,0,0
2592,17,0,0,1,0,0
2592,16,0,0,0,1,1
2592,19,0,0,1,1,1
2592,31,0,0,0,0,0
2592,30,0,0,0,1,1
2592,36,1,1,0,0,0
2592,34,0,1,0,0,0
2592,48,1,1,0,0,0
2593,55,1,1,0,0,0
2593,54,0,0,0,0,0
2593,56,1,1,0,0,0
2593,14,1,1,0,0,0
2635,24,0,0,0,0,0
2635,25,1,1,0,0,0
2635,26,0,1,0,0,0
2635,27,0,1,0,0,0
2635,20,1,1,0,0,0
2635,21,0,1,0,0,0
2635,22,0,1,0,0,0
2635,23,0,0,0,1,1
2635,28,0,1,1,0,0
2635,29,0,1,1,0,0
2635,4,1,1,0,0,0
2635,8,0,0,0,0,0
2635,59,0,1,0,0,0
2635,58,0,1,0,0,0
2635,55,0,1,0,0,0
2635,54,1,1,0,0,0
2635,57,0,0,0,0,0
2635,56,0,0,0,0,0
2635,51,0,0,1,0,0
2635,50,0,0,1,0,0
2635,53,0,0,1,0,0
2635,52,0,1,0,0,0
2635,88,0,0,1,0,0
2635,89,0,0,1,0,0
2635,80,0,0,1,0,0
2635,81,0,0,0,1,1
2635,87,0,0,1,0,0
2635,84,1,1,0,0,0
2635,85,0,1,0,0,0
2635,3,1,1,0,0,0
2635,7,1,1,0,0,0
2635,39,0,0,0,0,0
2635,38,0,0,0,1,1
2635,33,0,0,0,1,1
2635,32,0,1,1,0,0
2635,31,0,1,1,0,0
2635,30,0,0,0,0,0
2635,37,0,1,0,0,0
2635,36,0,1,0,0,0
2635,35,0,1,0,0,0
2635,34,1,1,0,0,0
2635,60,0,1,0,0,0
2635,61,0,1,0,0,0
2635,62,0,1,0,0,0
2635,63,0,1,0,0,0
2635,64,0,1,0,0,0
2635,65,0,1,0,0,0
2635,66,0,0,0,0,0
2635,67,0,1,0,0,0
2635,68,0,0,0,0,0
2635,69,0,1,0,0,0
2635,2,1,1,0,0,0
2635,6,1,1,0,0,0
2635,98,0,0,1,0,0
2635,93,0,1,0,0,0
2635,11,0,0,0,1,1
2635,10,1,1,0,0,0
2635,13,0,0,0,1,1
2635,12,1,1,0,0,0
2635,15,0,1,0,0,0
2635,14,1,1,0,0,0
2635,17,0,0,0,1,1
2635,16,0,0,0,1,1
2635,19,1,1,0,0,0
2635,18,0,0,0,1,1
2635,48,1,1,0,0,0
2635,49,1,1,0,0,0
2635,46,0,0,0,0,0
2635,47,0,0,1,0,0
2635,44,1,1,0,0,0
2635,45,1,1,0,0,0
2635,42,1,1,0,0,0
2635,40,0,0,1,0,0
2635,41,0,0,1,0,0
2635,1,1,1,0,0,0
2635,5,0,0,1,0,0
2635,9,0,0,0,0,0
2635,77,0,0,1,0,0
2635,75,0,0,0,0,0
2635,74,0,1,0,0,0
2635,73,0,1,0,0,0
2635,72,0,1,0,0,0
2635,71,0,0,0,0,0
2635,70,0,0,1,0,0
2635,78,0,0,0,0,0
2634,30,0,1,0,0,0
2634,42,0,1,0,0,0
2634,29,0,0,1,0,0
2634,49,1,1,0,0,0
2634,32,0,0,0,0,0
2634,24,0,1,0,0,0
2634,25,0,1,0,0,0
2634,26,0,0,1,0,0
2634,27,0,1,0,0,0
2634,20,1,1,0,0,0
2634,21,0,1,0,0,0
2634,22,0,1,0,0,0
2634,23,0,0,0,1,1
2634,46,0,0,0,0,0
2634,47,0,1,0,0,0
2634,44,0,1,0,0,0
2634,45,0,0,1,0,0
2634,28,0,1,0,0,0
2634,43,0,0,0,0,0
2634,40,0,1,0,0,0
2634,41,0,0,0,0,0
2634,1,1,1,0,0,0
2634,35,0,1,0,0,0
2634,3,1,1,0,0,0
2634,2,0,0,0,1,1
2634,5,0,0,0,1,1
2634,4,0,0,0,1,1
2634,7,0,0,0,0,0
2634,6,0,0,0,1,1
2634,9,0,0,0,1,1
2634,8,0,0,0,0,0
2634,33,0,1,0,0,0
2634,39,0,1,0,0,0
2634,38,0,1,0,0,0
2634,11,0,0,0,0,0
2634,10,0,1,0,0,0
2634,13,0,0,1,0,0
2634,12,0,1,0,0,0
2634,59,0,0,1,0,0
2634,58,1,1,0,0,0
2634,17,0,0,0,1,1
2634,19,1,1,0,0,0
2634,18,0,0,0,1,1
2634,57,0,0,1,0,0
2634,56,1,1,0,0,0
2634,37,0,1,0,0,0
2634,36,0,1,0,0,0
2634,53,0,0,1,0,0
2634,34,0,1,0,0,0
2634,55,0,0,1,0,0
2634,54,1,1,0,0,0
2634,31,0,0,0,0,0
2634,50,0,1,0,0,0
2637,58,0,0,0,0,0
2637,56,0,1,0,0,0
2637,54,0,1,0,0,0
2637,28,0,0,0,1,1
2637,43,1,1,0,0,0
2637,60,0,0,0,0,0
2637,61,1,1,0,0,0
2637,62,0,0,0,1,1
2637,63,0,0,1,0,0
2637,64,0,0,1,0,0
2637,53,0,0,1,0,0
2637,52,0,0,1,0,0
2637,24,1,1,0,0,0
2637,25,0,0,1,0,0
2637,26,1,1,0,0,0
2637,27,0,0,1,0,0
2637,20,0,0,0,0,0
2637,21,0,0,1,0,0
2637,48,1,1,0,0,0
2637,49,0,1,0,0,0
2637,46,1,1,0,0,0
2637,23,1,1,0,0,0
2637,44,0,0,0,0,0
2637,45,1,1,0,0,0
2637,42,0,0,1,0,0
2637,29,0,0,1,0,0
2637,40,0,0,0,1,1
2637,41,1,1,0,0,0
2637,1,1,1,0,0,0
2637,3,1,1,0,0,0
2637,2,1,1,0,0,0
2637,5,0,0,1,0,0
2637,4,1,1,0,0,0
2637,7,1,1,0,0,0
2637,6,1,1,0,0,0
2637,9,0,0,0,0,0
2637,8,0,0,0,0,0
2637,39,0,0,1,0,0
2637,47,0,0,1,0,0
2637,38,0,0,0,0,0
2637,59,0,0,1,0,0
2637,14,1,1,0,0,0
2637,11,0,0,0,1,1
2637,10,1,1,0,0,0
2637,13,0,0,0,1,1
2637,12,1,1,0,0,0
2637,15,0,0,0,0,0
2637,22,0,0,0,1,1
2637,17,0,0,0,1,1
2637,16,0,0,0,1,1
2637,33,0,0,1,0,0
2637,32,0,1,0,0,0
2637,31,1,1,0,0,0
2637,30,0,0,1,0,0
2637,51,0,1,0,0,0
2637,36,0,0,0,0,0
2637,35,0,0,0,1,1
2637,34,0,1,0,0,0
2637,55,0,0,1,0,0
2637,37,0,1,0,0,0
2637,18,0,0,0,1,1
2637,57,0,1,0,0,0
2637,50,0,0,1,0,0
2636,56,0,0,1,0,0
2636,60,0,0,0,1,1
2636,61,0,0,1,0,0
2636,62,0,0,0,1,1
2636,63,0,0,0,1,1
2636,64,0,0,0,0,0
2636,35,1,1,0,0,0
2636,66,0,0,0,0,0
2636,82,0,0,0,0,0
2636,83,0,0,0,0,0
2636,80,0,0,1,0,0
2636,81,0,0,0,0,0
2636,84,0,0,1,0,0
2636,85,0,1,0,0,0
2636,24,0,0,0,1,1
2636,25,0,0,0,1,1
2636,20,0,1,0,0,0
2636,21,0,0,0,1,1
2636,22,0,0,0,0,0
2636,23,0,0,0,1,1
2636,44,1,1,0,0,0
2636,42,0,1,1,0,0
2636,43,0,0,0,1,1
2636,40,1,1,0,0,0
2636,41,0,0,0,1,1
2636,1,1,1,0,0,0
2636,3,1,1,0,0,0
2636,2,1,1,0,0,0
2636,5,0,0,1,0,0
2636,4,1,1,0,0,0
2636,7,1,1,0,0,0
2636,6,1,1,0,0,0
2636,9,0,0,0,0,0
2636,8,0,0,0,0,0
2636,97,0,0,0,0,0
2636,39,0,1,1,0,0
2636,34,0,1,0,0,0
2636,77,0,1,0,0,0
2636,98,0,1,0,0,0
2636,75,0,1,0,0,0
2636,74,0,1,0,0,0
2636,73,0,0,1,0,0
2636,72,0,1,0,0,0
2636,71,0,0,1,0,0
2636,70,0,0,0,0,0
2636,59,1,1,0,0,0
2636,93,0,0,1,0,0
2636,92,0,0,0,1,1
2636,95,1,1,0,0,0
2636,94,1,1,0,0,0
2636,79,0,1,0,0,0
2636,78,0,0,1,0,0
2636,11,0,0,0,1,1
2636,10,1,1,0,0,0
2636,13,0,0,0,1,1
2636,38,1,1,0,0,0
2636,15,0,1,0,0,0
2636,58,0,0,1,0,0
2636,14,1,1,0,0,0
2636,76,0,1,0,0,0
2636,19,0,1,0,0,0
2636,54,1,1,0,0,0
2636,31,1,1,0,0,0
2636,30,1,1,0,0,0
2636,37,0,0,0,1,1
2636,36,0,0,0,0,0
2636,53,0,1,0,0,0
2636,52,0,0,0,1,1
2636,99,0,0,0,0,0
2636,33,1,1,0,0,0
2636,55,0,0,1,0,0
2636,16,0,0,0,1,1
2636,32,1,1,0,0,0
2636,12,1,1,0,0,0
2636,57,1,1,0,0,0
2636,65,0,0,1,0,0
2598,52,1,1,0,0,0
2598,30,0,1,0,0,0
2598,53,0,0,0,1,1
2598,54,0,0,0,1,1
2598,51,1,1,0,0,0
2598,98,0,1,0,0,0
2598,36,1,1,0,0,0
2598,60,0,1,0,0,0
2598,61,1,1,0,0,0
2598,62,0,0,0,0,0
2598,89,0,0,0,0,0
2598,64,0,0,0,1,1
2598,65,0,0,0,1,1
2598,66,0,0,0,1,1
2598,67,1,1,0,0,0
2598,82,0,1,0,0,0
2598,83,0,0,0,0,0
2598,80,0,1,0,0,0
2598,81,0,1,0,0,0
2598,86,0,0,0,0,0
2598,87,0,1,0,0,0
2598,84,0,0,0,0,0
2598,85,0,1,0,0,0
2598,24,1,1,0,0,0
2598,25,0,0,0,0,0
2598,26,0,0,0,1,1
2598,27,0,0,0,0,0
2598,21,0,0,0,1,1
2598,22,0,0,1,0,0
2598,49,1,1,0,0,0
2598,46,1,1,0,0,0
2598,23,0,0,0,1,1
2598,44,0,0,1,0,0
2598,45,0,0,1,0,0
2598,1,0,0,1,0,0
2598,3,1,1,0,0,0
2598,2,1,1,0,0,0
2598,5,0,0,1,0,0
2598,4,1,1,0,0,0
2598,7,0,0,1,0,0
2598,6,0,0,0,0,0
2598,9,0,0,0,1,1
2598,8,0,1,0,0,0
2598,96,0,0,0,0,0
2598,68,0,0,0,1,1
2598,97,0,0,1,0,0
2598,32,0,0,0,0,0
2598,77,0,0,0,0,0
2598,76,0,0,1,0,0
2598,75,0,1,0,0,0
2598,74,0,0,1,0,0
2598,73,0,1,0,0,0
2598,72,0,1,0,0,0
2598,70,0,1,1,0,0
2598,91,0,0,1,0,0
2598,90,0,0,1,0,0
2598,93,0,0,1,0,0
2598,92,0,1,0,0,0
2598,69,0,1,1,0,0
2598,94,0,0,1,0,0
2598,79,0,0,1,0,0
2598,78,0,0,1,0,0
2598,10,0,0,0,0,0
2598,39,0,0,1,0,0
2598,12,0,0,0,1,1
2598,15,0,0,1,0,0
2598,58,0,0,0,0,0
2598,14,1,1,0,0,0
2598,16,0,0,1,0,0
2598,55,0,1,0,0,0
2598,18,0,0,1,0,0
2598,57,0,1,0,0,0
2598,56,0,0,0,0,0
2598,37,0,0,1,0,0
2598,50,0,0,0,1,1
2598,35,0,0,0,1,1
2598,34,0,0,0,0,0
2598,99,0,0,1,0,0
2598,59,1,1,0,0,0
2598,95,0,1,0,0,0
2598,63,0,1,0,0,0
2598,88,0,0,0,0,0
2598,47,0,0,0,1,1
2598,31,0,0,1,0,0
2599,37,0,0,1,0,0
2599,36,0,0,0,0,0
2599,53,0,1,0,0,0
2599,48,0,0,1,0,0
2599,49,0,1,0,0,0
2599,46,0,1,0,0,0
2599,47,0,0,1,0,0
2599,44,0,1,0,0,0
2599,45,0,1,0,0,0
2599,42,0,1,0,0,0
2599,43,0,1,0,0,0
2599,40,0,0,1,0,0
2599,41,0,0,0,0,0
2599,9,0,0,0,1,1
2599,8,0,1,0,0,0
2599,13,1,1,0,0,0
2599,38,0,1,0,0,0
2599,59,0,0,1,0,0
2599,11,0,0,1,0,0
2599,10,0,0,0,0,0
2599,39,0,1,0,0,0
2599,12,0,0,0,1,1
2599,15,0,0,0,1,1
2599,14,1,1,0,0,0
2599,17,0,0,0,0,0
2599,16,0,1,0,0,0
2599,19,1,1,0,0,0
2599,18,1,1,0,0,0
2599,57,0,1,0,0,0
2599,56,0,0,0,0,0
2599,51,0,0,0,0,0
2599,50,0,0,1,0,0
2599,35,0,1,0,0,0
2599,55,0,1,0,0,0
2599,54,0,0,0,0,0
2633,30,0,0,0,1,1
2633,54,0,0,0,0,0
2633,42,0,1,0,0,0
2633,48,0,0,0,0,0
2633,43,0,1,0,0,0
2633,60,0,0,0,0,0
2633,61,0,1,0,0,0
2633,62,0,1,0,0,0
2633,63,0,0,1,0,0
2633,64,0,1,0,0,0
2633,65,0,1,0,0,0
2633,66,0,0,1,0,0
2633,67,1,1,0,0,0
2633,68,0,0,1,0,0
2633,69,0,0,0,1,1
2633,34,0,1,0,0,0
2633,24,1,1,0,0,0
2633,25,0,0,0,1,1
2633,26,1,1,0,0,0
2633,27,1,1,0,0,0
2633,20,1,1,0,0,0
2633,21,0,0,0,1,1
2633,22,1,1,0,0,0
2633,49,0,0,0,0,0
2633,46,0,0,0,0,0
2633,23,1,1,0,0,0
2633,44,0,1,0,0,0
2633,45,0,0,1,0,0
2633,28,1,1,0,0,0
2633,29,0,0,1,0,0
2633,40,1,1,0,0,0
2633,41,0,0,1,0,0
2633,1,1,1,0,0,0
2633,35,0,0,1,0,0
2633,3,0,1,0,0,0
2633,2,0,0,0,1,1
2633,5,1,1,0,0,0
2633,4,1,1,0,0,0
2633,7,0,0,0,0,0
2633,6,0,1,0,0,0
2633,9,0,0,0,1,1
2633,39,0,0,0,0,0
2633,77,0,0,0,0,0
2633,76,0,1,0,0,0
2633,75,1,1,0,0,0
2633,74,0,0,0,1,1
2633,72,1,1,0,0,0
2633,71,1,1,0,0,0
2633,70,0,0,1,0,0
2633,32,1,1,0,0,0
2633,11,0,0,1,0,0
2633,10,0,0,1,0,0
2633,13,0,0,1,0,0
2633,12,0,0,1,0,0
2633,59,0,1,0,0,0
2633,58,0,1,0,0,0
2633,17,0,0,0,1,1
2633,38,0,0,1,0,0
2633,19,1,1,0,0,0
2633,18,0,0,0,1,1
2633,57,0,0,1,0,0
2633,56,0,0,1,0,0
2633,51,0,0,0,0,0
2633,36,1,1,0,0,0
2633,53,0,0,0,0,0
2633,52,0,1,0,0,0
2633,33,0,0,1,0,0
2633,55,0,0,0,0,0
2633,37,0,0,1,0,0
2633,47,0,1,0,0,0
2633,31,0,0,0,0,0
2633,50,0,0,1,0,0
2632,52,0,0,1,0,0
2632,30,0,1,0,0,0
2632,32,0,1,0,0,0
2632,28,1,1,0,0,0
2632,29,1,1,0,0,0
2632,60,0,0,0,0,0
2632,61,0,0,1,0,0
2632,62,0,0,0,0,0
2632,63,0,1,0,0,0
2632,64,0,0,1,0,0
2632,65,0,1,0,0,0
2632,66,0,0,0,0,0
2632,67,0,0,0,0,0
2632,82,1,1,0,0,0
2632,69,0,0,0,0,0
2632,80,1,1,0,0,0
2632,81,1,1,0,0,0
2632,24,1,1,0,0,0
2632,25,0,1,0,0,0
2632,27,0,0,0,0,0
2632,20,0,0,0,0,0
2632,21,0,0,0,0,0
2632,22,1,1,0,0,0
2632,23,1,1,0,0,0
2632,46,0,1,1,0,0
2632,47,1,1,0,0,0
2632,44,0,0,1,0,0
2632,45,0,0,0,0,0
2632,42,0,0,0,1,1
2632,43,1,1,0,0,0
2632,40,0,0,1,0,0
2632,41,0,1,0,0,0
2632,1,1,1,0,0,0
2632,35,0,0,0,0,0
2632,3,0,1,0,0,0
2632,2,0,0,0,1,1
2632,5,1,1,0,0,0
2632,4,1,1,0,0,0
2632,7,0,0,0,0,0
2632,6,0,1,0,0,0
2632,9,0,0,0,1,1
2632,96,0,0,0,0,0
2632,68,0,0,1,0,0
2632,49,0,1,0,0,0
2632,97,0,0,1,0,0
2632,13,0,0,1,0,0
2632,77,0,1,0,0,0
2632,98,0,0,1,0,0
2632,75,0,1,0,0,0
2632,74,0,0,1,0,0
2632,73,0,1,0,0,0
2632,72,0,1,0,0,0
2632,71,0,1,0,0,0
2632,70,0,0,0,0,0
2632,15,1,1,0,0,0
2632,95,0,0,1,0,0
2632,79,0,1,1,0,0
2632,78,0,1,0,0,0
2632,11,0,0,1,0,0
2632,10,0,0,1,0,0
2632,39,0,0,0,0,0
2632,38,0,0,0,0,0
2632,59,0,0,0,0,0
2632,58,0,0,1,0,0
2632,14,1,1,0,0,0
2632,76,0,1,0,0,0
2632,19,0,0,1,0,0
2632,54,0,0,1,0,0
2632,57,0,0,0,0,0
2632,56,0,1,0,0,0
2632,51,0,0,1,0,0
2632,36,0,0,0,1,1
2632,53,0,0,1,0,0
2632,34,0,1,0,0,0
2632,33,0,0,0,1,1
2632,55,0,0,0,0,0
2632,16,0,0,0,1,1
2632,37,0,0,0,0,0
2632,48,0,0,1,0,0
2632,18,0,0,0,1,1
2632,12,0,0,1,0,0
2632,17,1,1,0,0,0
2632,31,0,1,0,0,0
2632,50,1,1,0,0,0
2584,24,0,0,0,1,1
2584,25,0,0,1,0,0
2584,26,1,1,0,0,0
2584,27,1,1,0,0,0
2584,20,0,0,0,1,1
2584,21,0,0,0,1,1
2584,22,1,1,0,0,0
2584,28,0,0,0,1,1
2584,4,0,0,0,1,1
2584,8,0,1,0,0,0
2584,59,0,0,1,0,0
2584,58,0,0,0,1,1
2584,55,0,0,0,1,1
2584,54,0,0,1,0,0
2584,57,0,0,0,1,1
2584,51,1,1,0,0,0
2584,50,0,0,0,1,1
2584,53,0,0,0,1,1
2584,52,1,1,0,0,0
2584,88,0,0,0,0,0
2584,89,0,1,0,0,0
2584,82,0,0,1,0,0
2584,83,0,1,0,0,0
2584,80,0,0,0,0,0
2584,81,0,0,0,0,0
2584,86,0,0,0,0,0
2584,87,0,1,0,0,0
2584,84,0,0,0,0,0
2584,85,0,0,1,0,0
2584,3,1,1,0,0,0
2584,7,0,0,1,0,0
2584,39,0,1,0,0,0
2584,38,0,1,0,0,0
2584,31,0,0,0,1,1
2584,36,0,0,0,1,1
2584,35,1,1,0,0,0
2584,60,0,0,0,1,1
2584,61,1,1,0,0,0
2584,62,0,0,0,1,1
2584,64,1,1,1,0,0
2584,65,0,0,0,1,1
2584,66,1,1,0,0,0
2584,67,1,1,0,0,0
2584,68,0,0,0,1,1
2584,2,1,1,0,0,0
2584,6,0,0,0,1,1
2584,99,0,1,0,0,0
2584,98,0,1,0,0,0
2584,91,0,1,0,0,0
2584,90,0,1,0,0,0
2584,93,0,1,0,0,0
2584,92,0,0,0,0,0
2584,95,0,0,1,0,0
2584,94,0,1,0,0,0
2584,97,0,0,0,0,0
2584,96,0,1,0,0,0
2584,11,0,0,1,0,0
2584,10,0,0,1,0,0
2584,13,1,1,0,0,0
2584,12,0,0,0,0,0
2584,15,0,0,0,1,1
2584,14,1,1,0,0,0
2584,17,0,0,0,1,1
2584,16,0,0,0,0,0
2584,19,1,1,0,0,0
2584,18,1,1,0,0,0
2584,48,1,1,0,0,0
2584,49,1,1,0,0,0
2584,46,1,1,0,0,0
2584,47,1,1,0,0,0
2584,44,0,0,0,1,1
2584,45,0,1,1,0,0
2584,42,0,0,1,0,0
2584,43,0,1,1,0,0
2584,41,1,1,0,0,0
2584,1,1,1,0,0,0
2584,5,0,1,0,0,0
2584,9,1,1,0,0,0
2584,77,0,0,0,1,1
2584,75,0,1,1,0,0
2584,74,1,1,0,0,0
2584,73,1,1,0,0,0
2584,72,1,1,0,0,0
2584,71,1,1,0,0,0
2584,70,1,1,0,0,0
2584,79,0,0,0,1,1
2584,78,0,1,1,0,0
2626,24,0,0,0,0,0
2626,25,0,1,0,0,0
2626,27,1,1,0,0,0
2626,20,0,0,0,0,0
2626,21,0,1,0,0,0
2626,22,0,1,0,0,0
2626,23,0,1,0,0,0
2626,29,0,1,0,0,0
2626,1,0,0,0,1,1
2626,3,0,0,0,0,0
2626,2,0,0,0,0,0
2626,5,1,1,0,0,0
2626,4,1,1,0,0,0
2626,7,0,0,0,1,1
2626,6,0,0,0,1,1
2626,9,0,1,1,0,0
2626,8,1,1,0,0,0
2626,11,1,1,0,0,0
2626,10,1,1,0,0,0
2626,13,0,0,0,1,1
2626,12,0,1,0,0,0
2626,15,0,0,0,0,0
2626,14,0,1,0,0,0
2626,17,0,1,0,0,0
2626,16,0,0,0,0,0
2626,19,0,1,0,0,0
2626,18,0,0,1,0,0
2626,31,0,0,1,0,0
2626,30,0,1,0,0,0
2626,37,1,1,0,0,0
2626,36,0,1,0,0,0
2626,35,1,1,0,0,0
2626,34,0,1,0,0,0
2626,33,0,0,1,0,0
2626,32,0,1,1,0,0
2543,58,0,0,0,0,0
2543,56,0,1,0,0,0
2543,42,0,0,0,0,0
2543,43,0,0,1,0,0
2543,60,0,1,0,0,0
2543,61,0,1,0,0,0
2543,62,0,0,0,0,0
2543,63,0,1,0,0,0
2543,64,0,1,0,0,0
2543,65,0,1,0,0,0
2543,66,0,1,0,0,0
2543,67,0,0,0,0,0
2543,68,0,0,1,0,0
2543,69,0,1,0,0,0
2543,32,0,0,1,0,0
2543,53,0,1,0,0,0
2543,24,1,1,0,0,0
2543,25,0,0,0,1,1
2543,26,1,1,0,0,0
2543,27,0,1,1,0,0
2543,21,1,1,0,0,0
2543,48,0,0,0,0,0
2543,49,0,0,0,0,0
2543,46,0,0,0,0,0
2543,23,0,0,0,1,1
2543,44,0,0,0,0,0
2543,45,0,0,1,0,0
2543,28,1,1,0,0,0
2543,29,0,1,1,0,0
2543,40,0,0,1,0,0
2543,41,0,1,0,0,0
2543,1,0,0,0,0,0
2543,3,0,0,1,0,0
2543,2,0,0,0,0,0
2543,4,0,0,0,1,1
2543,7,0,0,0,1,1
2543,6,1,1,0,0,0
2543,9,0,0,1,0,0
2543,8,0,0,1,0,0
2543,52,0,0,0,0,0
2543,47,0,1,0,0,0
2543,38,0,0,1,0,0
2543,70,0,0,0,0,0
2543,59,0,0,1,0,0
2543,14,0,0,1,0,0
2543,11,1,1,0,0,0
2543,10,1,1,0,0,0
2543,39,0,0,1,0,0
2543,12,0,0,0,1,1
2543,15,0,0,0,1,1
2543,22,1,1,0,0,0
2543,16,1,1,0,0,0
2543,33,0,0,1,0,0
2543,54,0,0,1,0,0
2543,57,0,0,0,0,0
2543,30,0,1,1,0,0
2543,51,0,1,0,0,0
2543,36,0,1,0,0,0
2543,35,0,0,0,0,0
2543,34,0,1,0,0,0
2543,55,0,1,0,0,0
2543,37,0,1,0,0,0
2543,18,0,1,1,0,0
2543,31,0,0,0,1,1
2543,50,0,0,0,0,0
2542,56,0,0,1,0,0
2542,54,0,1,0,0,0
2542,37,1,1,0,0,0
2542,22,0,0,0,1,1
2542,29,1,1,0,0,0
2542,53,0,0,0,0,0
2542,52,0,1,0,0,0
2542,24,0,0,0,1,1
2542,25,0,0,0,1,1
2542,26,0,1,1,0,0
2542,27,0,0,0,1,1
2542,20,1,1,0,0,0
2542,21,1,1,0,0,0
2542,48,1,1,0,0,0
2542,49,0,1,1,0,0
2542,47,0,0,1,0,0
2542,44,0,0,1,0,0
2542,45,1,1,0,0,0
2542,28,0,0,1,0,0
2542,40,1,1,0,0,0
2542,1,0,0,0,1,1
2542,3,0,0,0,1,1
2542,4,0,1,0,0,0
2542,7,0,0,1,0,0
2542,8,1,1,0,0,0
2542,39,1,1,0,0,0
2542,12,0,0,0,1,1
2542,15,0,0,0,1,1
2542,14,0,1,1,0,0
2542,11,0,0,0,1,1
2542,13,0,0,1,0,0
2542,59,0,0,0,0,0
2542,58,0,1,0,0,0
2542,17,1,1,0,0,0
2542,55,0,0,0,0,0
2542,18,1,1,0,0,0
2542,57,0,1,0,0,0
2542,30,1,1,0,0,0
2542,51,0,0,1,0,0
2542,36,0,1,1,0,0
2542,35,0,0,0,1,1
2542,34,1,1,0,0,0
2542,19,0,0,1,0,0
2542,31,1,1,0,0,0
2542,32,0,1,1,0,0
2542,33,0,1,1,0,0
2542,50,0,0,0,1,1
2541,24,1,1,0,0,0
2541,25,0,0,0,1,1
2541,26,0,0,0,1,1
2541,27,0,1,1,0,0
2541,22,0,0,1,0,0
2541,23,1,1,0,0,0
2541,55,0,1,0,0,0
2541,54,0,0,0,0,0
2541,30,0,1,1,0,0
2541,28,0,0,0,1,1
2541,53,0,1,0,0,0
2541,52,0,1,0,0,0
2541,3,0,0,0,1,1
2541,7,0,0,0,1,1
2541,6,1,1,0,0,0
2540,56,0,0,0,0,0
2540,54,0,1,0,0,0
2540,28,0,0,0,1,1
2540,50,0,0,1,0,0
2540,60,0,0,0,0,0
2540,61,0,0,1,0,0
2540,62,0,0,0,0,0
2540,63,0,0,0,0,0
2540,64,0,1,0,0,0
2540,65,0,1,0,0,0
2540,66,0,1,0,0,0
2540,67,0,0,0,0,0
2540,68,0,0,1,0,0
2540,69,0,1,0,0,0
2540,24,1,1,0,0,0
2540,25,0,0,0,1,1
2540,26,0,1,1,0,0
2540,27,0,1,1,0,0
2540,21,0,0,0,1,1
2540,22,0,0,1,1,1
2540,23,0,0,0,1,1
2540,46,0,0,1,0,0
2540,47,0,0,0,0,0
2540,44,0,1,0,0,0
2540,45,0,1,0,0,0
2540,42,0,0,0,0,0
2540,43,0,1,0,0,0
2540,1,0,1,0,0,0
2540,35,0,1,1,0,0
2540,3,0,1,0,0,0
2540,2,0,1,0,0,0
2540,4,1,1,0,0,0
2540,7,0,0,0,1,1
2540,6,0,0,0,1,1
2540,49,0,0,1,0,0
2540,77,0,0,0,0,0
2540,76,0,1,0,0,0
2540,75,0,1,0,0,0
2540,74,0,0,1,0,0
2540,73,0,1,0,0,0
2540,72,0,0,1,0,0
2540,71,0,0,1,0,0
2540,70,0,1,0,0,0
2540,79,0,0,1,0,0
2540,78,0,0,1,0,0
2540,59,0,0,0,0,0
2540,58,0,0,1,0,0
2540,16,0,1,1,0,0
2540,33,1,1,0,0,0
2540,32,0,0,0,1,1
2540,57,0,1,0,0,0
2540,30,1,1,0,0,0
2540,51,0,0,0,0,0
2540,36,0,1,1,0,0
2540,53,0,1,0,0,0
2540,52,0,1,0,0,0
2540,19,0,0,0,1,1
2540,55,0,0,0,0,0
2540,37,1,1,0,0,0
2540,48,0,0,1,0,0
2540,31,0,0,0,1,1
2545,54,0,1,0,0,0
2545,28,1,1,0,0,0
2545,22,0,0,0,1,1
2545,43,1,1,0,0,0
2545,49,0,1,0,0,0
2545,34,0,0,0,1,1
2545,24,0,0,0,1,1
2545,26,0,1,1,0,0
2545,27,1,1,0,0,0
2545,20,0,1,1,0,0
2545,21,0,0,0,1,1
2545,48,0,1,0,0,0
2545,23,0,1,1,0,0
2545,46,1,1,0,0,0
2545,47,0,0,1,0,0
2545,44,1,1,0,0,0
2545,45,0,1,1,0,0
2545,42,0,0,0,1,1
2545,29,1,1,0,0,0
2545,40,1,1,0,0,0
2545,1,0,1,0,0,0
2545,35,1,1,0,0,0
2545,3,0,0,0,0,0
2545,2,1,1,0,0,0
2545,5,0,0,0,1,1
2545,4,1,1,0,0,0
2545,7,0,0,0,1,1
2545,6,0,0,0,1,1
2545,9,0,0,1,1,1
2545,8,0,0,0,1,1
2545,13,0,0,0,1,1
2545,12,1,1,0,0,0
2545,11,1,1,0,0,0
2545,10,0,0,0,1,1
2545,39,1,1,0,0,0
2545,15,0,0,0,1,1
2545,14,0,0,0,1,1
2545,17,0,1,1,0,0
2545,16,0,1,1,0,0
2545,19,0,0,0,1,1
2545,18,0,0,0,1,1
2545,31,0,0,1,0,0
2545,56,0,0,0,0,0
2545,51,0,1,0,0,0
2545,36,1,1,0,0,0
2545,53,0,1,0,0,0
2545,52,0,1,0,0,0
2545,33,1,1,0,0,0
2545,55,0,0,1,0,0
2545,37,0,1,1,0,0
2545,32,0,0,0,1,1
2545,50,0,0,0,0,0
2544,37,0,0,1,0,0
2544,36,0,1,0,0,0
2544,24,0,1,1,0,0
2544,20,0,0,0,1,1
2544,21,1,1,0,0,0
2544,22,1,1,0,0,0
2544,49,0,0,0,0,0
2544,46,0,0,1,0,0
2544,47,0,0,1,0,0
2544,44,0,0,0,0,0
2544,45,0,1,0,0,0
2544,42,0,0,0,0,0
2544,43,0,1,0,0,0
2544,40,0,1,0,0,0
2544,41,0,0,1,0,0
2544,1,1,1,0,0,0
2544,3,0,0,1,0,0
2544,2,0,1,0,0,0
2544,5,0,1,1,0,0
2544,4,0,1,0,0,0
2544,7,1,1,0,0,0
2544,9,1,1,0,0,0
2544,8,0,0,0,1,1
2544,18,0,1,1,0,0
2544,39,0,0,1,0,0
2544,38,0,0,1,0,0
2544,10,1,1,0,0,0
2544,13,1,1,0,0,0
2544,12,1,1,0,0,0
2544,15,1,1,0,0,0
2544,14,1,1,0,0,0
2544,17,0,0,1,1,1
2544,16,1,1,0,0,0
2544,55,0,0,1,0,0
2544,54,0,0,0,0,0
2544,23,0,1,1,0,0
2544,51,0,1,0,0,0
2544,50,0,0,0,0,0
2544,53,0,0,1,0,0
2544,52,0,0,0,0,0
2544,19,0,0,0,1,1
2544,48,0,1,0,0,0
2561,60,0,0,1,0,0
2561,61,0,0,1,0,0
2549,60,0,0,0,1,1
2549,61,0,0,0,1,1
2549,62,0,0,0,1,1
2549,63,0,1,0,0,0
2549,64,0,1,0,0,0
2549,65,0,0,0,0,0
2549,66,0,1,0,0,0
2549,67,0,0,0,0,0
2549,48,0,1,1,0,0
2549,49,0,1,1,0,0
2549,1,1,1,0,0,0
2549,7,1,1,0,0,0
2549,6,0,0,0,1,1
2549,8,0,1,1,0,0
2549,59,1,1,0,0,0
2549,58,1,1,0,0,0
2549,11,1,1,0,0,0
2549,10,1,1,0,0,0
2549,13,1,1,0,0,0
2549,12,0,0,1,1,1
2549,15,1,1,0,0,0
2549,14,0,0,0,1,1
2549,17,0,0,0,1,1
2549,16,1,1,0,0,0
2549,55,1,1,0,0,0
2549,54,0,0,0,1,1
2549,57,1,1,0,0,0
2549,56,1,1,0,0,0
2549,51,0,0,0,1,1
2549,50,0,0,0,1,1
2549,53,0,1,1,0,0
2549,52,0,0,1,0,0
2548,24,1,1,0,0,0
2548,25,1,1,0,0,0
2548,26,0,0,1,0,0
2548,27,0,0,0,1,1
2548,49,0,0,0,0,0
2548,33,0,0,1,1,1
2548,32,1,1,0,0,0
2548,31,0,0,1,0,0
2548,30,1,1,0,0,0
2548,28,1,1,0,0,0
2548,29,1,1,0,0,0
2548,35,0,0,0,1,1
2548,34,0,1,1,0,0
2548,36,0,0,0,1,1
2606,60,0,0,0,0,0
2606,61,0,1,0,0,0
2606,62,0,1,0,0,0
2606,63,0,0,0,0,0
2606,64,0,0,0,0,0
2606,65,0,0,1,0,0
2606,66,0,0,0,0,0
2606,67,0,1,0,0,0
2606,68,0,0,0,0,0
2606,69,0,1,0,0,0
2606,20,0,0,0,1,1
2606,21,1,1,0,0,0
2606,22,0,0,0,0,0
2606,23,0,1,0,0,0
2606,40,0,0,0,1,1
2606,71,0,0,1,0,0
2606,70,0,0,1,0,0
2606,11,1,1,0,0,0
2606,39,0,0,0,1,1
2606,38,1,1,0,0,0
2606,17,0,0,0,0,0
2606,16,1,1,0,0,0
2606,19,0,0,0,1,1
2606,18,0,1,1,0,0
2606,37,0,0,0,1,1
2606,36,0,0,1,0,0
2606,35,0,0,0,0,0
2606,34,0,1,0,0,0
2606,33,0,0,1,0,0
2606,32,1,1,0,0,0
2587,58,0,0,0,1,1
2587,42,0,0,0,1,1
2587,98,0,0,1,0,0
2587,43,0,0,0,1,1
2587,61,0,0,0,1,1
2587,88,0,0,1,0,0
2587,63,0,0,0,1,1
2587,64,0,0,0,1,1
2587,65,0,1,1,0,0
2587,66,0,0,0,1,1
2587,67,0,0,1,0,0
2587,82,0,0,0,0,0
2587,83,0,0,0,0,0
2587,80,0,0,1,0,0
2587,81,0,0,0,0,0
2587,86,0,1,0,0,0
2587,87,0,0,0,0,0
2587,84,0,0,1,0,0
2587,85,0,1,0,0,0
2587,25,0,0,1,0,0
2587,26,0,1,1,0,0
2587,27,1,1,0,0,0
2587,21,0,0,0,1,1
2587,22,0,0,0,0,0
2587,23,0,0,0,0,0
2587,46,0,0,1,0,0
2587,47,1,1,0,0,0
2587,45,1,1,0,0,0
2587,28,0,0,0,1,1
2587,29,0,0,0,1,1
2587,40,0,0,1,0,0
2587,1,0,0,1,0,0
2587,35,0,0,0,1,1
2587,3,1,1,0,0,0
2587,2,0,0,1,0,0
2587,5,0,0,0,1,1
2587,4,1,1,0,0,0
2587,7,0,0,0,0,0
2587,6,0,1,1,0,0
2587,9,0,0,1,0,0
2587,96,0,0,0,0,0
2587,49,1,1,0,0,0
2587,97,0,1,0,0,0
2587,19,1,1,0,0,0
2587,13,1,1,0,0,0
2587,77,0,1,0,0,0
2587,76,0,1,0,0,0
2587,75,0,0,0,1,1
2587,74,0,0,1,1,1
2587,73,0,1,1,0,0
2587,72,0,0,0,1,1
2587,71,0,0,1,0,0
2587,70,1,1,0,0,0
2587,91,0,0,0,0,0
2587,90,0,1,0,0,0
2587,93,0,0,0,0,0
2587,92,0,0,0,0,0
2587,95,0,1,0,0,0
2587,94,0,1,0,0,0
2587,79,0,1,0,0,0
2587,78,0,0,0,0,0
2587,11,0,0,1,0,0
2587,10,0,1,0,0,0
2587,39,0,0,1,0,0
2587,12,0,0,0,1,1
2587,15,1,1,0,0,0
2587,48,0,0,1,0,0
2587,14,0,0,0,1,1
2587,16,0,0,1,0,0
2587,33,0,0,0,1,1
2587,54,1,1,0,0,0
2587,31,1,1,0,0,0
2587,56,1,1,0,0,0
2587,51,0,0,1,0,0
2587,62,1,1,0,0,0
2587,53,0,0,0,1,1
2587,52,0,0,1,0,0
2587,99,0,0,0,0,0
2587,59,1,1,0,0,0
2587,55,0,0,0,1,1
2587,89,0,0,1,0,0
2587,37,1,1,0,0,0
2587,18,0,0,1,0,0
2587,17,1,1,0,0,0
2587,69,0,0,0,1,1
2605,24,0,0,1,0,0
2605,25,0,0,0,1,1
2605,26,1,1,0,0,0
2605,27,0,0,1,0,0
2605,22,0,0,0,1,1
2605,28,0,0,0,1,1
2605,29,0,1,0,0,0
2605,4,1,1,0,0,0
2605,8,0,0,1,0,0
2605,59,1,1,0,0,0
2605,58,0,1,0,0,0
2605,55,0,1,0,0,0
2605,54,0,0,0,1,1
2605,57,0,0,1,0,0
2605,56,0,0,0,1,1
2605,51,0,0,0,0,0
2605,50,0,0,0,0,0
2605,53,0,0,0,0,0
2605,88,1,1,0,0,0
2605,82,0,1,0,0,0
2605,83,0,1,0,0,0
2605,80,0,1,0,0,0
2605,81,0,0,0,0,0
2605,86,1,1,0,0,0
2605,84,0,0,0,0,0
2605,85,0,0,0,1,1
2605,3,1,1,0,0,0
2605,7,0,0,1,0,0
2605,38,0,0,0,1,1
2605,33,0,0,1,0,0
2605,32,1,1,1,0,0
2605,30,1,1,0,0,0
2605,37,0,1,0,0,0
2605,36,1,1,0,0,0
2605,35,0,1,0,0,0
2605,34,0,0,0,0,0
2605,60,0,0,0,1,1
2605,61,0,1,0,0,0
2605,62,1,1,0,0,0
2605,63,0,0,0,1,1
2605,64,0,0,0,1,1
2605,65,0,0,1,0,0
2605,66,0,0,0,0,0
2605,67,0,1,0,0,0
2605,68,0,0,1,0,0
2605,69,0,1,0,0,0
2605,2,0,0,0,1,1
2605,6,1,1,0,0,0
2605,99,0,0,0,0,0
2605,98,0,1,0,0,0
2605,91,0,0,0,0,0
2605,90,0,0,1,0,0
2605,93,0,0,0,0,0
2605,95,1,1,0,0,0
2605,94,0,0,0,1,1
2605,97,1,1,0,0,0
2605,96,0,0,1,0,0
2605,11,1,1,0,0,0
2605,10,0,0,0,0,0
2605,13,1,1,0,0,0
2605,12,0,0,0,1,1
2605,14,0,1,0,0,0
2605,17,1,1,0,0,0
2605,16,0,0,0,1,1
2605,19,1,1,0,0,0
2605,18,1,1,0,0,0
2605,48,0,1,0,0,0
2605,49,0,0,0,0,0
2605,46,1,1,0,0,0
2605,47,0,1,1,0,0
2605,44,1,1,0,0,0
2605,45,0,0,0,1,1
2605,42,1,1,0,0,0
2605,40,0,0,1,0,0
2605,41,0,0,1,0,0
2605,1,0,0,0,0,0
2605,5,1,1,0,0,0
2605,9,0,0,0,1,1
2605,77,0,0,1,0,0
2605,76,0,0,0,0,0
2605,75,0,0,0,0,0
2605,74,0,0,0,0,0
2605,73,0,0,0,0,0
2605,72,0,0,0,0,0
2605,71,0,0,1,0,0
2605,70,0,0,0,0,0
2605,79,0,1,0,0,0
2605,78,0,1,0,0,0
2585,28,0,0,0,1,1
2585,50,1,1,0,0,0
2585,53,0,0,1,0,0
2585,82,0,0,1,0,0
2585,83,0,0,0,0,0
2585,80,0,1,0,0,0
2585,81,0,0,0,0,0
2585,86,0,0,1,0,0
2585,87,0,1,0,0,0
2585,84,0,1,0,0,0
2585,85,0,0,1,0,0
2585,24,0,0,0,1,1
2585,25,0,0,1,0,0
2585,27,1,1,0,0,0
2585,20,0,0,0,1,1
2585,21,0,0,0,1,1
2585,48,0,1,1,0,0
2585,49,0,0,1,0,0
2585,46,0,0,0,1,1
2585,47,0,0,1,1,1
2585,44,1,1,0,0,0
2585,45,0,0,0,1,1
2585,42,0,0,1,0,0
2585,43,1,1,0,0,0
2585,41,1,1,0,0,0
2585,1,1,1,0,0,0
2585,3,1,1,0,0,0
2585,2,1,1,0,0,0
2585,5,0,1,0,0,0
2585,4,0,0,0,1,1
2585,7,0,0,1,0,0
2585,6,0,0,0,1,1
2585,9,1,1,0,0,0
2585,8,0,1,0,0,0
2585,39,0,1,0,0,0
2585,77,0,0,0,0,0
2585,76,0,0,0,0,0
2585,75,0,0,1,0,0
2585,74,0,1,0,0,0
2585,73,0,1,0,0,0
2585,72,0,0,0,0,0
2585,71,0,1,0,0,0
2585,79,0,0,1,0,0
2585,78,0,0,1,0,0
2585,10,0,0,1,0,0
2585,13,1,1,0,0,0
2585,38,0,1,0,0,0
2585,15,0,0,0,1,1
2585,22,1,1,0,0,0
2585,17,0,0,0,1,1
2585,16,0,0,0,0,0
2585,19,1,1,0,0,0
2585,54,1,1,0,0,0
2585,31,0,0,0,1,1
2585,56,0,0,1,0,0
2585,51,0,1,1,0,0
2585,36,0,0,0,1,1
2585,35,1,1,0,0,0
2585,52,1,1,0,0,0
2585,18,1,1,0,0,0
2585,12,0,0,0,0,0
2585,14,1,1,0,0,0
2607,59,1,1,0,0,0
2607,58,1,1,0,0,0
2607,55,1,1,0,0,0
2607,54,1,1,0,0,0
2607,57,0,0,0,0,0
2607,56,0,1,0,0,0
2607,51,0,0,0,1,1
2607,50,0,0,0,0,0
2607,53,1,1,0,0,0
2607,52,0,0,0,1,1
2607,88,0,1,0,0,0
2607,82,1,1,0,0,0
2607,83,0,0,0,0,0
2607,84,0,0,0,1,1
2607,85,1,1,0,0,0
2607,39,1,1,0,0,0
2607,60,0,0,0,1,1
2607,61,0,0,0,0,0
2607,62,0,1,0,0,0
2607,63,0,0,0,0,0
2607,64,0,1,0,0,0
2607,65,0,0,1,0,0
2607,66,0,0,1,0,0
2607,67,0,1,0,0,0
2607,68,0,0,1,0,0
2607,69,0,1,0,0,0
2607,99,0,0,1,0,0
2607,98,0,0,0,1,1
2607,92,0,0,0,1,1
2607,95,1,1,0,0,0
2607,94,0,0,0,0,0
2607,97,1,1,0,0,0
2607,96,0,1,1,0,0
2607,13,1,1,0,0,0
2607,48,0,1,0,0,0
2607,49,1,1,0,0,0
2607,46,1,1,0,0,0
2607,47,0,1,0,0,0
2607,44,0,0,0,1,1
2607,45,0,0,0,1,1
2607,42,1,1,0,0,0
2607,43,0,0,0,0,0
2607,40,1,1,0,0,0
2607,41,0,0,0,0,0
2607,77,0,1,0,0,0
2607,76,0,0,1,0,0
2607,75,0,1,0,0,0
2607,74,0,0,1,0,0
2607,73,0,1,0,0,0
2607,72,0,1,0,0,0
2607,71,0,0,0,0,0
2607,70,0,1,0,0,0
2607,78,0,1,0,0,0
2600,20,0,0,0,0,0
2600,59,0,0,0,0,0
2600,58,0,0,0,0,0
2600,55,0,0,1,0,0
2600,54,1,1,0,0,0
2600,57,0,0,0,1,1
2600,56,0,0,0,0,0
2600,51,1,1,0,0,0
2600,50,1,1,0,0,0
2600,53,1,1,0,0,0
2600,52,1,1,0,0,0
2600,88,0,1,0,0,0
2600,89,0,0,1,0,0
2600,82,1,1,0,0,0
2600,83,0,0,0,1,1
2600,81,1,1,0,0,0
2600,86,0,1,0,0,0
2600,87,0,0,0,0,0
2600,84,0,1,0,0,0
2600,85,0,0,0,0,0
2600,60,0,0,0,0,0
2600,61,0,0,0,0,0
2600,62,0,0,0,0,0
2600,64,0,0,0,1,1
2600,65,1,1,0,0,0
2600,66,0,1,1,0,0
2600,68,0,0,1,0,0
2600,69,0,0,1,0,0
2600,99,0,0,0,0,0
2600,98,0,0,1,0,0
2600,91,0,0,0,0,0
2600,90,0,0,0,0,0
2600,93,0,0,1,0,0
2600,95,0,0,0,0,0
2600,94,0,1,0,0,0
2600,97,0,0,1,0,0
2600,96,0,0,0,0,0
2600,15,0,0,1,0,0
2600,48,0,0,0,1,1
2600,49,0,1,0,0,0
2600,46,0,0,0,1,1
2600,47,1,1,0,0,0
2600,44,0,0,0,1,1
2600,45,1,1,0,0,0
2600,42,0,0,0,1,1
2600,43,0,1,1,0,0
2600,40,0,0,0,0,0
2600,41,1,1,0,0,0
2600,77,0,1,0,0,0
2600,76,0,0,0,0,0
2600,75,1,1,0,0,0
2600,73,0,1,0,0,0
2600,72,0,1,0,0,0
2600,71,1,1,0,0,0
2600,70,0,0,1,0,0
2600,79,0,0,0,1,1
2600,78,0,1,0,0,0
2627,30,0,1,0,0,0
2627,42,0,0,0,0,0
2627,22,1,1,0,0,0
2627,29,0,1,0,0,0
2627,60,0,0,0,0,0
2627,61,0,0,0,0,0
2627,62,0,0,0,0,0
2627,63,0,1,0,0,0
2627,35,1,1,0,0,0
2627,67,0,0,1,0,0
2627,68,1,1,0,0,0
2627,83,0,1,0,0,0
2627,80,0,1,0,0,0
2627,81,0,0,1,0,0
2627,24,0,0,0,0,0
2627,25,1,1,0,0,0
2627,26,1,1,0,0,0
2627,27,1,1,0,0,0
2627,20,0,0,0,1,1
2627,21,1,1,0,0,0
2627,48,0,0,0,0,0
2627,49,0,1,0,0,0
2627,46,0,1,0,0,0
2627,23,0,1,0,0,0
2627,44,0,0,0,1,1
2627,45,0,1,0,0,0
2627,28,0,0,0,1,1
2627,43,0,0,1,0,0
2627,40,0,0,0,0,0
2627,41,0,0,1,0,0
2627,2,0,0,0,1,1
2627,5,0,0,0,1,1
2627,4,1,1,0,0,0
2627,7,0,0,0,1,1
2627,6,0,0,1,0,0
2627,9,1,1,0,0,0
2627,8,0,1,0,0,0
2627,78,1,1,0,0,0
2627,18,0,1,1,0,0
2627,39,1,1,0,0,0
2627,34,0,1,0,0,0
2627,74,1,1,0,0,0
2627,73,1,1,0,0,0
2627,71,0,0,1,0,0
2627,70,0,0,1,0,0
2627,59,0,0,1,0,0
2627,79,0,0,1,0,0
2627,14,0,0,1,0,0
2627,11,0,1,0,0,0
2627,10,1,1,0,0,0
2627,13,0,1,0,0,0
2627,38,0,1,0,0,0
2627,15,0,1,0,0,0
2627,58,0,1,0,0,0
2627,17,0,0,1,0,0
2627,16,0,0,1,0,0
2627,19,1,1,0,0,0
2627,54,0,0,1,0,0
2627,57,0,1,0,0,0
2627,56,0,1,0,0,0
2627,51,0,0,0,0,0
2627,36,0,0,0,1,1
2627,53,0,1,0,0,0
2627,52,0,0,0,0,0
2627,33,0,0,1,0,0
2627,55,0,0,1,0,0
2627,37,0,0,1,0,0
2627,47,0,1,0,0,0
2627,32,0,0,1,0,0
2627,12,0,0,0,1,1
2627,31,0,1,0,0,0
2627,50,0,1,0,0,0
2624,42,0,1,0,0,0
2624,29,0,0,1,0,0
2624,61,1,1,0,0,0
2624,62,0,0,0,1,1
2624,63,0,0,1,0,0
2624,64,0,0,1,0,0
2624,65,0,0,1,0,0
2624,67,0,0,0,0,0
2624,80,0,0,1,0,0
2624,81,0,0,1,0,0
2624,24,0,0,0,1,1
2624,26,0,0,0,1,1
2624,27,0,1,0,0,0
2624,48,1,1,0,0,0
2624,49,0,1,1,0,0
2624,46,0,1,0,0,0
2624,47,0,1,0,0,0
2624,44,1,1,0,0,0
2624,45,1,1,0,0,0
2624,28,0,0,0,0,0
2624,43,1,1,0,0,0
2624,41,0,1,0,0,0
2624,1,0,0,0,0,0
2624,3,0,1,0,0,0
2624,2,1,1,0,0,0
2624,5,1,1,0,0,0
2624,4,1,1,0,0,0
2624,7,1,1,0,0,0
2624,6,0,1,1,0,0
2624,9,0,0,1,0,0
2624,8,0,0,0,1,1
2624,97,0,0,0,1,1
2624,99,1,1,0,0,0
2624,92,0,0,0,0,0
2624,95,1,1,0,0,0
2624,79,0,0,1,0,0
2624,96,1,1,0,0,0
2624,11,0,1,0,0,0
2624,10,1,1,0,0,0
2624,13,0,0,0,1,1
2624,12,1,1,0,0,0
2624,15,0,0,1,0,0
2624,14,1,1,0,0,0
2624,31,0,0,0,0,0
2624,30,1,1,0,0,0
2624,51,0,0,0,1,1
2624,50,0,1,1,0,0
2631,58,0,0,0,0,0
2631,56,0,1,0,0,0
2631,54,0,0,1,0,0
2631,42,0,0,0,0,0
2631,43,0,0,1,0,0
2631,60,0,1,0,0,0
2631,61,0,1,0,0,0
2631,62,0,0,1,0,0
2631,63,0,1,0,0,0
2631,64,0,0,1,0,0
2631,65,0,1,0,0,0
2631,66,0,0,0,0,0
2631,67,0,0,1,0,0
2631,68,0,0,0,1,1
2631,69,0,0,1,0,0
2631,52,0,1,0,0,0
2631,53,0,1,0,0,0
2631,24,0,0,0,0,0
2631,25,0,0,0,1,1
2631,26,0,0,0,1,1
2631,27,0,1,0,0,0
2631,20,0,0,1,0,0
2631,21,0,0,0,0,0
2631,22,0,1,0,0,0
2631,49,0,1,0,0,0
2631,46,1,1,0,0,0
2631,23,0,0,0,1,1
2631,44,0,1,0,0,0
2631,45,0,0,0,0,0
2631,28,1,1,0,0,0
2631,29,0,1,0,0,0
2631,40,0,1,0,0,0
2631,41,0,1,0,0,0
2631,1,1,1,0,0,0
2631,3,0,1,0,0,0
2631,2,0,0,0,1,1
2631,5,1,1,0,0,0
2631,7,0,0,0,0,0
2631,6,0,1,0,0,0
2631,9,0,0,0,1,1
2631,18,1,1,0,0,0
2631,13,0,0,1,0,0
2631,12,0,0,1,0,0
2631,72,1,1,0,0,0
2631,71,1,1,0,0,0
2631,70,0,0,1,0,0
2631,15,1,1,0,0,0
2631,14,1,1,0,0,0
2631,11,0,0,1,0,0
2631,10,0,0,1,0,0
2631,39,0,0,0,1,1
2631,38,0,0,1,0,0
2631,59,0,0,0,0,0
2631,48,0,0,0,0,0
2631,17,0,0,0,1,1
2631,16,0,0,0,1,1
2631,19,0,0,0,1,1
2631,32,0,0,0,1,1
2631,57,0,1,0,0,0
2631,30,0,0,0,1,1
2631,51,1,1,0,0,0
2631,36,0,0,0,1,1
2631,35,0,0,0,1,1
2631,34,0,0,0,0,0
2631,33,0,1,0,0,0
2631,55,0,1,0,0,0
2631,74,0,0,0,1,1
2631,37,0,1,0,0,0
2631,47,0,0,0,1,1
2631,31,1,1,0,0,0
2631,50,1,1,0,0,0
2628,24,0,0,0,1,1
2628,25,0,1,0,0,0
2628,26,0,0,0,1,1
2628,27,1,1,0,0,0
2628,20,0,1,0,0,0
2628,21,0,0,0,0,0
2628,23,1,1,0,0,0
2628,28,0,0,0,0,0
2628,29,0,1,0,0,0
2628,4,1,1,0,0,0
2628,8,0,1,0,0,0
2628,59,0,0,1,0,0
2628,58,0,0,0,0,0
2628,55,0,0,1,0,0
2628,54,0,1,0,0,0
2628,57,0,0,0,0,0
2628,56,0,1,0,0,0
2628,51,0,0,0,0,0
2628,50,0,0,1,0,0
2628,53,0,0,0,0,0
2628,52,0,0,0,0,0
2628,82,1,1,0,0,0
2628,83,1,1,0,0,0
2628,80,1,1,0,0,0
2628,84,0,0,1,0,0
2628,7,0,0,0,1,1
2628,39,0,1,0,0,0
2628,38,0,0,0,0,0
2628,33,0,1,0,0,0
2628,32,1,1,0,0,0
2628,31,1,1,0,0,0
2628,30,0,0,0,1,1
2628,37,0,0,0,1,1
2628,36,0,0,1,0,0
2628,35,0,0,1,0,0
2628,34,0,0,1,0,0
2628,60,0,1,0,0,0
2628,61,0,0,1,0,0
2628,62,0,1,0,0,0
2628,63,0,1,0,0,0
2628,64,0,1,0,0,0
2628,65,0,1,0,0,0
2628,66,0,0,1,0,0
2628,67,0,0,0,0,0
2628,68,0,0,1,0,0
2628,69,0,0,1,0,0
2628,2,0,0,0,1,1
2628,6,0,0,1,0,0
2628,99,0,1,0,0,0
2628,98,0,0,0,0,0
2628,91,1,1,0,0,0
2628,90,0,1,0,0,0
2628,93,1,1,0,0,0
2628,92,0,0,0,1,1
2628,95,0,1,0,0,0
2628,97,0,0,0,1,1
2628,96,1,1,0,0,0
2628,11,0,1,0,0,0
2628,10,1,1,0,0,0
2628,13,0,1,0,0,0
2628,12,0,0,0,1,1
2628,15,0,1,0,0,0
2628,14,0,0,1,0,0
2628,17,0,0,0,1,1
2628,16,0,0,1,0,0
2628,19,0,0,1,0,0
2628,18,1,1,0,0,0
2628,48,1,1,0,0,0
2628,49,0,0,1,0,0
2628,46,0,1,0,0,0
2628,47,0,0,1,0,0
2628,44,0,0,0,1,1
2628,45,0,1,0,0,0
2628,42,0,0,1,0,0
2628,43,0,0,0,1,1
2628,40,0,0,1,0,0
2628,41,0,0,1,0,0
2628,5,0,0,0,1,1
2628,9,1,1,0,0,0
2628,77,0,0,1,0,0
2628,76,0,0,0,0,0
2628,75,0,1,0,0,0
2628,74,0,1,0,0,0
2628,73,0,0,1,0,0
2628,72,0,1,0,0,0
2628,71,0,1,0,0,0
2628,70,0,1,0,0,0
2628,79,0,0,0,0,0
2628,78,0,0,1,0,0
2629,60,0,0,1,0,0
2629,61,0,1,0,0,0
2629,62,0,0,0,0,0
2629,63,0,0,0,0,0
2629,64,0,1,0,0,0
2629,65,0,1,0,0,0
2629,66,0,1,0,0,0
2629,67,0,0,0,0,0
2629,68,0,1,0,0,0
2629,69,0,1,0,0,0
2629,24,1,1,0,0,0
2629,25,0,1,0,0,0
2629,20,1,1,0,0,0
2629,21,0,0,1,0,0
2629,22,0,0,0,0,0
2629,23,0,0,0,0,0
2629,77,0,0,0,1,1
2629,59,0,0,0,0,0
2629,15,0,1,0,0,0
2629,58,0,0,0,0,0
2629,33,0,1,0,0,0
2629,32,1,1,0,0,0
2629,37,0,0,1,0,0
2629,36,0,1,0,0,0
2629,35,0,0,0,1,1
2629,34,0,0,0,1,1
2644,78,0,0,1,0,0
2644,46,0,0,0,0,0
2644,47,0,1,0,0,0
2644,45,0,0,0,0,0
2644,88,0,1,0,0,0
2644,35,1,1,0,0,0
2644,34,0,0,0,0,0
2644,89,1,1,0,0,0
2644,82,0,0,1,0,0
2644,83,0,0,0,0,0
2644,81,0,1,0,0,0
2644,86,0,0,1,0,0
2644,87,0,0,0,1,1
2644,84,0,0,1,0,0
2644,85,0,0,1,0,0
2586,39,1,1,0,0,0
2586,38,0,1,1,0,0
2586,15,0,0,0,1,1
2586,37,0,0,0,1,1
2586,36,0,1,1,0,0
2586,35,0,0,1,1,1
2586,41,1,1,0,0,0
2586,61,0,1,0,0,0
2586,62,0,1,0,0,0
2586,63,0,1,0,0,0
2586,64,0,0,0,0,0
2586,40,0,0,0,1,1
2586,66,0,0,1,0,0
2586,65,0,1,0,0,0
2630,28,0,1,0,0,0
2630,29,0,1,0,0,0
2630,24,0,1,0,0,0
2630,25,0,0,0,0,0
2630,26,0,1,0,0,0
2630,27,0,1,0,0,0
2630,20,0,0,0,0,0
2630,21,0,0,0,0,0
2630,22,0,1,0,0,0
2630,23,0,1,0,0,0
2630,46,0,1,0,0,0
2630,44,1,1,0,0,0
2630,45,0,0,0,0,0
2630,42,1,1,0,0,0
2630,43,0,0,0,0,0
2630,40,0,0,1,0,0
2630,1,0,1,0,0,0
2630,3,1,1,0,0,0
2630,2,1,1,0,0,0
2630,5,0,0,0,1,1
2630,4,1,1,0,0,0
2630,7,0,1,1,0,0
2630,6,0,0,0,1,1
2630,9,0,0,1,0,0
2630,8,0,1,0,0,0
2630,39,0,1,0,0,0
2630,38,0,0,1,0,0
2630,11,0,0,0,1,1
2630,10,0,1,0,0,0
2630,13,0,0,1,0,0
2630,12,0,0,1,0,0
2630,15,0,0,1,0,0
2630,14,0,1,0,0,0
2630,16,0,1,0,0,0
2630,33,0,1,0,0,0
2630,32,0,1,0,0,0
2630,31,0,1,0,0,0
2630,30,0,0,1,0,0
2630,37,0,1,0,0,0
2630,36,0,1,0,0,0
2630,35,0,0,0,0,0
2630,34,0,0,0,0,0
2589,56,0,0,1,0,0
2589,42,0,0,0,1,1
2589,50,0,0,0,1,1
2589,60,0,1,0,0,0
2589,61,0,0,1,0,0
2589,62,0,1,0,0,0
2589,63,0,1,0,0,0
2589,64,0,0,0,0,0
2589,65,0,0,0,0,0
2589,66,0,1,0,0,0
2589,67,0,0,0,0,0
2589,68,0,0,0,0,0
2589,69,0,1,0,0,0
2589,80,0,0,0,0,0
2589,81,0,0,0,0,0
2589,24,0,0,0,1,1
2589,25,1,1,0,0,0
2589,26,0,1,0,0,0
2589,27,1,1,0,0,0
2589,20,0,0,0,0,0
2589,21,0,0,0,1,1
2589,22,0,0,0,1,1
2589,23,1,1,0,0,0
2589,46,0,0,0,1,1
2589,44,1,1,0,0,0
2589,45,0,0,0,1,1
2589,28,1,1,0,0,0
2589,29,1,1,0,0,0
2589,40,1,1,0,0,0
2589,41,1,1,0,0,0
2589,1,0,0,1,0,0
2589,35,0,0,1,0,0
2589,3,1,1,0,0,0
2589,2,0,0,1,0,0
2589,5,0,0,0,1,1
2589,4,1,1,0,0,0
2589,7,0,0,0,0,0
2589,6,0,1,1,0,0
2589,9,0,0,1,0,0
2589,8,1,1,0,0,0
2589,32,0,0,0,1,1
2589,49,0,0,0,1,1
2589,39,0,0,0,1,1
2589,34,0,0,1,0,0
2589,77,0,0,1,0,0
2589,76,0,1,0,0,0
2589,75,0,1,0,0,0
2589,38,1,1,0,0,0
2589,73,0,1,0,0,0
2589,72,0,1,0,0,0
2589,71,0,0,0,0,0
2589,70,0,0,1,0,0
2589,59,0,0,0,0,0
2589,79,0,1,0,0,0
2589,78,0,0,0,0,0
2589,11,0,0,1,0,0
2589,10,0,1,0,0,0
2589,13,1,1,0,0,0
2589,12,0,0,0,1,1
2589,15,1,1,0,0,0
2589,58,0,1,0,0,0
2589,14,0,0,0,1,1
2589,16,0,0,1,0,0
2589,55,0,1,0,0,0
2589,54,0,1,0,0,0
2589,57,0,0,0,0,0
2589,30,0,0,0,1,1
2589,51,1,1,0,0,0
2589,36,0,0,0,1,1
2589,53,0,0,1,0,0
2589,52,0,0,0,1,1
2589,74,0,1,0,0,0
2589,37,1,1,0,0,0
2589,48,0,0,0,1,1
2589,31,0,0,0,1,1
2554,11,1,1,0,0,0
2554,10,1,1,0,0,0
2554,13,0,1,1,0,0
2554,15,0,0,0,1,1
2554,14,1,1,0,0,0
2554,42,0,1,0,0,0
2554,41,0,0,1,0,0
2554,3,1,1,0,0,0
2554,2,1,1,0,0,0
2554,5,0,0,1,0,0
2554,4,0,0,0,1,1
2554,7,0,0,0,1,1
2554,6,0,0,0,1,1
2554,9,0,1,1,0,0
2554,8,1,1,0,0,0
2588,25,0,0,1,0,0
2588,26,0,1,1,0,0
2588,27,1,1,0,0,0
2588,21,0,0,0,1,1
2588,22,0,0,0,0,0
2588,23,0,0,0,0,0
2588,28,0,0,0,1,1
2588,29,0,0,0,1,1
2588,4,1,1,0,0,0
2588,8,1,1,0,0,0
2588,59,1,1,0,0,0
2588,58,0,0,1,0,0
2588,55,0,0,0,1,1
2588,54,0,0,0,1,1
2588,57,1,1,0,0,0
2588,56,0,0,0,0,0
2588,51,1,1,0,0,0
2588,50,1,1,0,0,0
2588,53,1,1,0,0,0
2588,52,1,1,0,0,0
2588,88,0,0,0,0,0
2588,89,0,1,0,0,0
2588,82,0,0,1,0,0
2588,83,0,1,0,0,0
2588,80,0,1,0,0,0
2588,81,0,1,0,0,0
2588,86,0,0,0,0,0
2588,87,0,0,0,0,0
2588,84,0,0,0,0,0
2588,85,0,0,0,0,0
2588,3,1,1,0,0,0
2588,7,0,0,0,0,0
2588,39,0,0,1,0,0
2588,33,0,0,0,1,1
2588,31,1,1,0,0,0
2588,37,1,1,0,0,0
2588,35,0,0,0,1,1
2588,60,0,0,1,0,0
2588,62,0,0,1,0,0
2588,63,1,1,0,0,0
2588,64,1,1,0,0,0
2588,65,1,1,0,0,0
2588,66,1,1,0,0,0
2588,69,0,0,0,1,1
2588,2,0,0,1,0,0
2588,6,0,1,1,0,0
2588,99,0,1,0,0,0
2588,98,0,1,0,0,0
2588,91,0,1,0,0,0
2588,90,0,0,1,0,0
2588,93,0,1,0,0,0
2588,92,0,1,0,0,0
2588,95,0,1,0,0,0
2588,94,0,1,0,0,0
2588,97,0,1,0,0,0
2588,96,0,1,0,0,0
2588,11,0,0,1,0,0
2588,10,0,1,0,0,0
2588,13,1,1,0,0,0
2588,12,0,0,0,1,1
2588,15,1,1,0,0,0
2588,14,0,0,0,1,1
2588,17,1,1,0,0,0
2588,16,0,0,0,0,0
2588,19,1,1,0,0,0
2588,18,0,0,1,0,0
2588,48,1,1,0,0,0
2588,49,1,1,0,0,0
2588,46,0,0,0,0,0
2588,47,0,0,0,1,1
2588,45,1,1,0,0,0
2588,42,0,0,0,1,1
2588,43,0,0,0,1,1
2588,40,0,0,1,0,0
2588,1,0,0,1,0,0
2588,5,0,0,0,1,1
2588,9,0,0,1,0,0
2588,77,0,0,0,0,0
2588,75,1,1,0,0,0
2588,74,0,0,0,1,1
2588,73,0,0,0,1,1
2588,72,1,1,0,0,0
2588,71,0,0,0,1,1
2588,70,0,0,0,1,1
2588,79,0,0,0,0,0
2588,78,0,1,0,0,0
2550,28,0,0,1,0,0
2550,29,0,1,1,0,0
2550,24,1,1,0,0,0
2550,25,0,0,0,1,1
2550,26,0,0,1,1,1
2550,27,0,0,0,1,1
2550,21,1,1,0,0,0
2550,22,0,1,1,0,0
2550,23,0,0,0,1,1
2550,44,0,1,0,0,0
2550,42,0,0,1,0,0
2550,43,0,1,0,0,0
2550,41,0,1,0,0,0
2550,1,1,1,0,0,0
2550,3,1,1,0,0,0
2550,2,1,1,0,0,0
2550,5,0,0,0,1,1
2550,4,0,0,0,1,1
2550,7,1,1,0,0,0
2550,6,0,0,0,1,1
2550,9,1,1,0,0,0
2550,8,0,1,1,0,0
2550,11,1,1,0,0,0
2550,10,0,0,0,1,1
2550,13,0,0,0,1,1
2550,12,0,0,0,1,1
2550,17,0,0,0,1,1
2550,16,1,1,0,0,0
2550,19,0,1,1,0,0
2550,18,0,0,1,0,0
2550,31,1,1,0,0,0
2550,30,0,1,1,0,0
2550,32,0,0,0,1,1
2551,11,0,0,0,1,1
2551,10,1,1,0,0,0
2551,13,0,0,1,0,0
2551,12,0,0,0,1,1
2551,15,0,0,0,1,1
2551,14,1,1,0,0,0
2551,17,1,1,0,0,0
2551,16,0,0,0,1,1
2551,18,1,1,0,0,0
2551,56,0,1,0,0,0
2551,1,1,1,0,0,0
2551,5,0,1,1,0,0
2551,4,0,1,1,0,0
2551,7,1,1,0,0,0
2551,6,0,0,0,1,1
2551,9,0,1,1,0,0
2551,8,1,1,0,0,0
2551,58,0,0,0,0,0
2553,48,1,1,0,0,0
2553,49,1,1,0,0,0
2553,55,1,1,0,0,0
2553,47,0,0,1,0,0
2553,51,1,1,0,0,0
2553,50,0,1,1,0,0
2553,53,0,0,0,1,1
2553,52,0,0,0,1,1
2553,77,0,1,0,0,0
2553,76,0,0,1,0,0
2553,75,0,0,1,0,0
2553,54,0,0,0,1,1
2553,3,0,1,0,0,0
2555,1,0,0,1,0,0
2555,3,0,0,0,1,1
2555,2,0,0,0,1,1
2555,5,0,0,0,1,1
2555,4,0,0,0,1,1
2555,7,0,0,0,1,1
2555,6,1,1,0,0,0
2555,9,1,1,0,0,0
2555,8,0,0,0,1,1
2555,11,0,0,0,1,1
2555,10,0,0,1,0,0
2555,13,1,1,0,0,0
2555,12,0,1,1,0,0
2555,15,0,0,0,1,1
2555,14,0,1,1,0,0
2555,56,0,1,0,0,0
2558,30,0,0,0,1,1
2558,28,0,0,0,1,1
2558,29,1,1,0,0,0
2558,24,1,1,0,0,0
2558,25,0,0,0,1,1
2558,26,0,1,1,0,0
2558,27,0,0,0,1,1
2558,20,0,0,1,0,0
2558,21,1,1,0,0,0
2558,22,1,1,0,0,0
2558,49,0,1,0,0,0
2558,46,1,1,0,0,0
2558,47,0,0,0,1,1
2558,44,0,0,0,1,1
2558,45,0,1,1,0,0
2558,42,0,0,0,1,1
2558,43,1,1,0,0,0
2558,40,1,1,0,0,0
2558,41,0,0,0,1,1
2558,1,0,1,0,0,0
2558,39,0,0,1,0,0
2558,38,0,0,0,1,1
2558,33,0,1,1,0,0
2558,32,0,0,1,0,0
2558,31,1,1,0,0,0
2558,23,1,1,0,0,0
2558,36,1,1,0,0,0
2558,35,1,1,0,0,0
2558,50,0,1,0,0,0
2572,32,1,1,0,0,0
2572,34,1,1,0,0,0
2639,30,0,1,0,0,0
2639,42,0,0,0,1,1
2639,29,1,1,0,0,0
2639,60,0,0,0,0,0
2639,61,0,0,1,0,0
2639,62,0,0,0,0,0
2639,63,0,0,0,1,1
2639,64,0,0,0,1,1
2639,82,0,0,1,0,0
2639,83,0,1,0,0,0
2639,80,0,1,0,0,0
2639,32,0,1,0,0,0
2639,86,0,0,1,0,0
2639,87,0,0,1,0,0
2639,84,0,0,1,0,0
2639,85,0,0,0,0,0
2639,25,0,0,1,0,0
2639,26,0,0,0,1,1
2639,27,0,0,1,0,0
2639,20,0,0,0,0,0
2639,21,0,0,0,1,1
2639,22,0,0,0,0,0
2639,49,0,1,0,0,0
2639,46,1,1,0,0,0
2639,47,0,1,0,0,0
2639,44,1,1,0,0,0
2639,45,1,1,0,0,0
2639,28,0,0,1,0,0
2639,43,0,1,0,0,0
2639,40,0,1,0,0,0
2639,41,0,1,1,0,0
2639,1,1,1,0,0,0
2639,3,1,1,0,0,0
2639,2,1,1,0,0,0
2639,5,1,1,0,0,0
2639,6,0,0,0,0,0
2639,9,0,0,1,0,0
2639,8,1,1,0,0,0
2639,59,1,1,0,0,0
2639,13,1,1,0,0,0
2639,77,0,0,1,0,0
2639,76,0,0,0,0,0
2639,75,0,1,0,0,0
2639,74,0,0,0,0,0
2639,73,0,0,1,0,0
2639,72,0,0,0,0,0
2639,90,0,0,1,0,0
2639,79,0,0,1,0,0
2639,78,0,1,0,0,0
2639,11,0,0,0,1,1
2639,10,0,1,0,0,0
2639,39,0,0,0,0,0
2639,15,0,1,0,0,0
2639,58,0,0,0,1,1
2639,14,0,0,1,0,0
2639,16,0,0,0,0,0
2639,33,0,0,0,1,1
2639,18,0,0,0,0,0
2639,57,1,1,0,0,0
2639,56,1,1,0,0,0
2639,19,1,1,0,0,0
2639,89,0,0,1,0,0
2639,88,0,0,0,0,0
2639,48,0,0,0,0,0
2639,12,0,0,0,0,0
2639,17,1,1,0,0,0
2639,31,0,0,1,0,0
2538,24,0,0,0,1,1
2538,25,0,0,0,1,1
2538,26,1,1,0,0,0
2538,27,1,1,0,0,0
2538,20,0,0,0,1,1
2538,21,1,1,0,0,0
2538,22,0,1,1,0,0
2538,23,0,0,0,1,1
2538,19,0,0,0,1,1
2538,54,0,1,0,0,0
2538,57,0,0,0,0,0
2538,56,0,0,0,0,0
2538,28,0,0,1,1,1
2538,29,0,0,1,0,0
2538,53,0,1,0,0,0
2538,52,0,0,0,0,0
2538,60,1,1,0,0,0
2538,61,0,0,0,1,1
2538,3,0,0,0,0,0
2538,55,0,1,0,0,0
2539,60,0,0,0,0,0
2539,61,0,1,0,0,0
2539,62,0,0,1,0,0
2539,63,0,1,0,0,0
2539,64,0,0,1,0,0
2539,23,0,1,1,0,0
2539,24,1,1,0,0,0
2539,25,0,0,1,1,1
2539,26,1,1,0,0,0
2539,20,1,1,0,0,0
2539,21,0,1,1,0,0
2539,22,0,0,0,1,1
2539,49,0,0,1,0,0
2539,46,0,0,0,1,1
2539,47,0,0,0,1,1
2539,45,0,0,0,1,1
2539,42,1,1,0,0,0
2539,43,1,1,0,0,0
2539,1,1,1,0,0,0
2539,2,0,1,0,0,0
2539,5,1,1,0,0,0
2539,7,1,1,0,0,0
2539,6,0,1,1,0,0
2539,11,1,1,0,0,0
2539,10,1,1,0,0,0
2539,13,1,1,0,0,0
2539,12,0,0,0,1,1
2539,15,1,1,0,0,0
2539,14,1,1,0,0,0
2539,17,0,0,0,1,1
2539,16,0,0,0,1,1
2539,55,0,1,0,0,0
2539,18,1,1,0,0,0
2539,57,0,0,0,0,0
2539,56,0,1,0,0,0
2539,51,1,1,0,0,0
2539,52,0,0,1,0,0
2539,19,1,1,0,0,0
2539,48,0,1,1,0,0
2552,43,0,0,0,1,1
2552,25,1,1,0,0,0
2552,26,1,1,0,0,0
2552,27,0,0,1,0,0
2552,20,0,0,1,1,1
2552,21,1,1,0,0,0
2552,22,1,1,1,0,0
2552,49,0,0,1,0,0
2552,46,0,1,0,0,0
2552,47,0,1,0,0,0
2552,44,0,0,1,0,0
2552,45,0,0,1,0,0
2552,28,0,0,1,0,0
2552,29,1,1,0,0,0
2552,40,1,1,0,0,0
2552,41,1,1,0,0,0
2552,1,1,1,0,0,0
2552,3,0,0,1,0,0
2552,2,0,0,1,0,0
2552,5,0,0,0,1,1
2552,4,0,1,1,0,0
2552,7,1,1,0,0,0
2552,6,0,0,0,1,1
2552,9,1,1,0,0,0
2552,8,0,0,0,1,1
2552,39,0,0,0,1,1
2552,14,1,1,0,0,0
2552,11,1,1,0,0,0
2552,10,1,1,0,0,0
2552,13,1,1,0,0,0
2552,38,1,1,0,0,0
2552,15,1,1,0,0,0
2552,48,0,1,0,0,0
2552,17,0,0,1,0,0
2552,16,1,1,0,0,0
2552,19,0,1,1,0,0
2552,32,0,1,1,0,0
2552,31,1,1,0,0,0
2552,30,1,1,0,0,0
2552,37,1,1,0,0,0
2552,36,1,1,0,0,0
2552,34,0,0,0,1,1
2552,33,1,1,0,0,0
2552,18,1,1,0,0,0
2552,50,0,0,0,0,0
2638,56,0,1,1,0,0
2638,42,0,1,1,0,0
2638,43,1,1,0,0,0
2638,60,0,0,1,0,0
2638,61,0,0,1,0,0
2638,62,1,1,0,0,0
2638,63,1,1,0,0,0
2638,64,1,1,0,0,0
2638,65,1,1,0,0,0
2638,66,0,0,0,0,0
2638,67,1,1,0,0,0
2638,69,0,1,0,0,0
2638,24,1,1,0,0,0
2638,25,0,0,1,0,0
2638,26,0,0,0,1,1
2638,27,0,0,1,0,0
2638,20,0,0,0,1,1
2638,21,1,1,0,0,0
2638,48,0,0,0,1,1
2638,23,0,0,1,0,0
2638,46,0,1,0,0,0
2638,47,0,1,1,0,0
2638,44,0,0,0,0,0
2638,45,1,1,0,0,0
2638,28,0,0,1,0,0
2638,29,1,1,0,0,0
2638,40,1,1,0,0,0
2638,41,0,1,0,0,0
2638,1,1,1,0,0,0
2638,3,1,1,0,0,0
2638,2,1,1,0,0,0
2638,5,1,1,0,0,0
2638,6,0,0,0,0,0
2638,9,0,0,1,0,0
2638,8,1,1,0,0,0
2638,18,0,0,0,0,0
2638,49,0,0,0,1,1
2638,39,1,1,0,0,0
2638,74,0,0,0,0,0
2638,73,0,0,1,0,0
2638,72,0,0,0,0,0
2638,71,0,0,1,0,0
2638,70,1,1,0,0,0
2638,59,1,1,0,0,0
2638,58,0,0,1,0,0
2638,11,0,0,0,1,1
2638,10,0,1,0,0,0
2638,13,1,1,0,0,0
2638,15,0,1,0,0,0
2638,22,1,1,0,0,0
2638,14,0,0,1,0,0
2638,16,0,0,0,0,0
2638,19,0,0,1,0,0
2638,54,1,1,0,0,0
2638,57,0,0,0,1,1
2638,30,0,1,0,0,0
2638,51,1,1,0,0,0
2638,53,0,0,0,1,1
2638,52,0,1,0,0,0
2638,33,0,0,0,1,1
2638,55,0,0,0,0,0
2638,32,0,1,0,0,0
2638,12,0,0,0,0,0
2638,31,0,0,1,0,0
2638,50,0,1,1,0,0
2625,30,1,1,0,0,0
2625,51,0,0,0,0,0
2625,61,0,0,1,0,0
2625,62,0,0,1,0,0
2625,63,0,0,1,0,0
2625,65,0,0,1,0,0
2625,66,0,0,1,0,0
2625,68,1,1,0,0,0
2625,69,0,0,0,0,0
2625,52,0,0,0,0,0
2625,24,0,0,1,0,0
2625,25,0,0,0,1,1
2625,26,0,1,0,0,0
2625,27,0,0,1,0,0
2625,20,1,1,0,0,0
2625,21,0,0,1,0,0
2625,22,1,1,0,0,0
2625,49,0,0,0,0,0
2625,23,0,0,0,1,1
2625,28,0,0,0,1,1
2625,29,0,1,0,0,0
2625,35,0,0,1,0,0
2625,13,0,0,0,1,1
2625,77,0,0,0,1,1
2625,76,0,0,0,1,1
2625,74,1,1,0,0,0
2625,73,0,0,1,0,0
2625,72,0,1,0,0,0
2625,71,0,0,1,0,0
2625,70,0,0,1,0,0
2625,15,0,0,1,0,0
2625,32,0,0,0,1,1
2625,14,1,1,0,0,0
2625,11,0,1,0,0,0
2625,39,1,1,0,0,0
2625,38,0,0,1,0,0
2625,59,0,0,0,0,0
2625,58,0,1,0,0,0
2625,17,1,1,0,0,0
2625,16,0,0,0,1,1
2625,19,0,0,0,1,1
2625,54,0,0,0,0,0
2625,31,0,0,0,1,1
2625,56,0,1,0,0,0
2625,37,1,1,0,0,0
2625,50,0,0,1,0,0
2625,53,0,1,0,0,0
2625,34,0,0,0,1,1
2625,33,1,1,0,0,0
2625,55,0,0,0,0,0
2625,18,0,1,0,0,0
2625,12,1,1,0,0,0
2625,57,0,0,1,0,0
2532,24,0,0,1,0,0
2532,20,0,1,0,0,0
2532,21,0,0,1,0,0
2532,22,0,0,1,0,0
2532,23,0,0,1,0,0
2532,1,0,0,0,0,0
2532,3,1,1,0,0,0
2532,2,1,1,0,0,0
2532,5,0,0,1,1,1
2532,4,0,1,0,0,0
2532,7,1,1,0,0,0
2532,9,0,0,1,0,0
2532,8,0,1,1,0,0
2532,11,0,0,1,0,0
2532,10,0,0,0,1,1
2532,13,1,1,0,0,0
2532,12,0,1,1,0,0
2532,15,1,1,0,0,0
2532,14,1,1,0,0,0
2532,17,1,1,0,0,0
2532,16,0,0,1,0,0
2532,19,0,1,0,0,0
2532,18,1,1,0,0,0
2533,30,1,1,0,0,0
2533,28,1,1,0,0,0
2533,43,0,0,1,0,0
2533,60,0,0,1,0,0
2533,61,0,1,0,0,0
2533,62,0,1,0,0,0
2533,63,0,1,0,0,0
2533,64,0,1,0,0,0
2533,65,0,0,0,0,0
2533,66,0,1,0,0,0
2533,67,0,1,0,0,0
2533,68,0,0,1,0,0
2533,69,0,1,0,0,0
2533,80,0,1,0,0,0
2533,81,0,0,1,0,0
2533,24,0,0,1,0,0
2533,25,0,0,0,1,1
2533,26,0,1,1,0,0
2533,20,1,1,0,0,0
2533,21,0,0,1,0,0
2533,22,1,1,0,0,0
2533,23,0,0,0,1,1
2533,46,0,0,1,0,0
2533,47,0,1,0,0,0
2533,44,0,0,0,0,0
2533,45,0,0,1,0,0
2533,42,1,1,0,0,0
2533,29,0,1,1,0,0
2533,40,0,0,1,0,0
2533,41,0,0,0,1,1
2533,1,0,1,0,0,0
2533,35,1,1,0,0,0
2533,2,0,0,0,0,0
2533,4,0,0,0,0,0
2533,7,0,0,0,1,1
2533,6,1,1,0,0,0
2533,9,1,1,0,0,0
2533,8,0,1,1,0,0
2533,32,0,0,0,1,1
2533,18,0,1,1,0,0
2533,49,0,0,0,0,0
2533,13,0,0,1,0,0
2533,34,1,1,0,0,0
2533,77,0,0,0,0,0
2533,76,0,0,0,0,0
2533,75,0,0,0,0,0
2533,12,0,0,0,1,1
2533,73,0,0,1,0,0
2533,72,0,1,0,0,0
2533,71,0,0,0,0,0
2533,70,0,1,0,0,0
2533,15,0,0,0,1,1
2533,79,0,0,0,0,0
2533,78,0,1,0,0,0
2533,11,0,0,1,0,0
2533,10,1,1,0,0,0
2533,39,0,0,1,0,0
2533,38,0,0,0,1,1
2533,59,0,0,0,0,0
2533,58,0,1,0,0,0
2533,14,1,1,0,0,0
2533,16,1,1,0,0,0
2533,33,0,1,1,0,0
2533,54,0,0,1,0,0
2533,57,0,1,0,0,0
2533,56,0,1,0,0,0
2533,51,0,1,0,0,0
2533,36,0,0,1,1,1
2533,53,0,1,0,0,0
2533,52,0,1,0,0,0
2533,19,1,1,0,0,0
2533,55,0,1,0,0,0
2533,74,0,0,1,0,0
2533,37,0,1,1,0,0
2533,48,0,1,0,0,0
2533,17,0,0,0,1,1
2533,31,0,0,0,1,1
2533,50,0,1,0,0,0
2531,30,0,1,1,0,0
2531,28,1,1,0,0,0
2531,43,0,0,1,0,0
2531,53,1,1,0,0,0
2531,52,0,0,1,0,0
2531,24,1,1,0,0,0
2531,25,1,1,0,0,0
2531,26,1,1,0,0,0
2531,27,1,1,0,0,0
2531,20,0,0,0,1,1
2531,21,0,0,1,0,0
2531,22,0,0,0,1,1
2531,49,0,0,0,1,1
2531,46,0,0,1,0,0
2531,47,0,0,1,0,0
2531,44,0,1,0,0,0
2531,45,0,1,0,0,0
2531,42,0,0,1,0,0
2531,29,0,0,0,1,1
2531,41,0,1,0,0,0
2531,1,0,1,0,0,0
2531,3,1,1,0,0,0
2531,2,0,1,0,0,0
2531,5,0,0,0,0,0
2531,4,0,0,0,0,0
2531,7,0,0,0,1,1
2531,6,0,0,0,1,1
2531,9,0,0,1,0,0
2531,8,0,0,0,1,1
2531,11,1,1,0,0,0
2531,10,1,1,0,0,0
2531,13,0,0,0,1,1
2531,12,0,0,1,1,1
2531,15,0,0,0,1,1
2531,14,1,1,0,0,0
2531,17,0,1,1,0,0
2531,19,1,1,0,0,0
2531,18,0,0,1,0,0
2531,31,0,1,1,0,0
2531,23,0,1,1,0,0
2531,51,0,1,0,0,0
2531,36,0,1,1,0,0
2531,35,1,1,0,0,0
2531,34,1,1,0,0,0
2531,37,1,1,0,0,0
2531,48,0,1,0,0,0
2531,50,0,1,0,0,0
2537,30,1,1,0,0,0
2537,42,0,0,1,0,0
2537,48,0,1,0,0,0
2537,43,0,1,0,0,0
2537,60,0,0,0,0,0
2537,61,0,1,0,0,0
2537,62,0,0,1,0,0
2537,63,0,0,1,0,0
2537,64,0,0,1,0,0
2537,65,0,0,0,0,0
2537,66,0,0,1,0,0
2537,67,0,0,0,0,0
2537,68,0,1,0,0,0
2537,69,0,1,0,0,0
2537,52,0,0,0,0,0
2537,25,0,0,0,1,1
2537,26,0,1,1,0,0
2537,27,0,0,0,1,1
2537,20,1,1,0,0,0
2537,21,0,0,0,1,1
2537,22,1,1,0,0,0
2537,23,0,0,1,1,1
2537,46,0,0,0,0,0
2537,47,0,0,0,0,0
2537,44,0,0,1,0,0
2537,45,0,0,1,0,0
2537,28,0,0,1,0,0
2537,29,0,0,0,1,1
2537,40,0,0,1,0,0
2537,41,0,0,0,0,0
2537,3,0,1,0,0,0
2537,4,0,0,0,1,1
2537,49,0,1,0,0,0
2537,75,0,0,1,0,0
2537,74,0,0,0,0,0
2537,73,0,1,0,0,0
2537,72,0,0,0,0,0
2537,71,0,0,1,0,0
2537,70,0,0,0,0,0
2537,59,0,0,1,0,0
2537,58,0,1,0,0,0
2537,55,0,0,0,0,0
2537,54,0,0,1,0,0
2537,56,0,1,0,0,0
2537,51,0,0,0,0,0
2537,50,0,0,0,0,0
2537,53,0,0,0,0,0
2537,34,0,1,1,0,0
2537,33,0,0,0,1,1
2537,32,0,0,1,0,0
2537,57,0,0,0,0,0
2534,30,0,1,0,0,0
2534,54,0,0,0,0,0
2534,42,0,0,0,0,0
2534,43,0,0,1,0,0
2534,60,0,0,0,0,0
2534,61,0,1,0,0,0
2534,62,1,1,0,0,0
2534,63,0,1,0,0,0
2534,64,0,0,0,1,1
2534,65,0,0,1,0,0
2534,34,0,0,0,0,0
2534,53,0,0,1,0,0
2534,24,0,0,1,0,0
2534,25,1,1,0,0,0
2534,26,1,1,0,0,0
2534,27,0,1,1,0,0
2534,20,0,0,0,1,1
2534,21,0,0,0,1,1
2534,22,1,1,0,0,0
2534,23,1,1,0,0,0
2534,47,0,0,0,0,0
2534,44,0,0,1,0,0
2534,45,0,0,0,0,0
2534,28,0,1,1,0,0
2534,29,0,1,1,0,0
2534,40,0,0,0,0,0
2534,41,0,0,1,0,0
2534,1,0,0,0,0,0
2534,2,0,0,0,0,0
2534,7,0,0,1,1,1
2534,6,1,1,0,0,0
2534,9,0,0,0,1,1
2534,8,1,1,0,0,0
2534,49,0,0,0,0,0
2534,39,0,0,1,0,0
2534,38,0,1,0,0,0
2534,15,1,1,0,0,0
2534,32,0,0,1,0,0
2534,14,1,1,0,0,0
2534,11,1,1,0,0,0
2534,10,0,1,1,0,0
2534,13,0,0,0,1,1
2534,12,0,0,0,1,1
2534,59,0,0,1,0,0
2534,58,0,0,1,0,0
2534,17,0,0,0,1,1
2534,16,0,0,0,1,1
2534,33,0,0,0,0,0
2534,18,0,0,0,1,1
2534,31,0,0,1,0,0
2534,56,0,1,0,0,0
2534,51,0,0,0,0,0
2534,36,0,1,0,0,0
2534,35,0,0,0,0,0
2534,52,0,0,0,0,0
2534,19,0,0,0,1,1
2534,55,0,1,0,0,0
2534,37,0,0,0,0,0
2534,48,0,0,0,0,0
2534,57,0,0,0,0,0
2534,50,0,1,0,0,0
2535,53,0,1,0,0,0
2535,40,0,0,0,0,0
2535,5,0,0,0,1,1
2535,6,0,0,0,1,1
2535,8,0,0,1,0,0
2535,39,0,1,0,0,0
2535,38,0,0,1,0,0
2535,10,1,1,0,0,0
2535,13,0,0,0,1,1
2535,12,1,1,0,0,0
2535,15,0,0,1,0,0
2535,14,1,1,0,0,0
2535,17,1,1,0,0,0
2535,16,0,0,0,1,1
2535,54,1,1,0,0,0
2535,37,0,1,0,0,0
2535,36,0,0,0,0,0
2535,35,0,0,1,0,0
2535,19,0,0,1,0,0
2535,55,0,0,1,0,0
2535,18,0,1,1,0,0
2732,50,0,0,0,0,0
2732,51,0,0,0,0,0
2732,52,0,0,0,0,0
2732,53,0,0,0,0,0
2732,54,0,0,0,0,0
2732,55,0,0,0,0,0
2732,56,0,0,0,0,0
2732,35,0,0,1,1,0
2732,36,0,0,1,1,0
2732,37,0,1,1,0,0
2732,38,0,1,1,0,0
2732,39,1,1,0,0,0
2732,40,0,0,1,1,0
2732,41,0,0,1,1,0
2732,42,0,1,1,0,0
2732,43,0,0,0,1,1
2732,44,0,0,0,1,1
2732,45,1,1,0,0,0
2732,46,0,1,1,0,0
2732,47,0,0,1,1,0
2732,48,1,1,0,0,0
2732,49,0,1,1,0,0
2732,74,0,0,0,1,0
2732,75,0,1,0,0,0
2732,4,1,1,0,0,0
2732,20,0,1,1,0,0
2732,21,1,1,0,0,0
2732,22,0,0,1,1,0
2732,24,1,1,0,0,0
2732,25,0,0,0,1,1
2732,26,1,1,0,0,0
2732,27,1,1,0,0,0
2732,28,1,1,0,0,0
2732,29,1,1,0,0,0
2732,30,1,1,0,0,0
2732,31,1,1,0,0,0
2732,32,0,1,1,0,0
2732,33,0,0,0,1,1
2732,34,0,0,0,1,1
2732,60,0,1,0,0,0
2732,61,0,1,0,0,0
2732,62,0,0,1,0,0
2732,63,0,1,0,0,0
2732,64,0,0,1,0,0
2732,65,0,0,1,0,0
2732,66,0,0,0,1,0
2732,67,0,0,0,1,0
2732,68,0,0,1,0,0
2732,69,0,1,0,0,0
2732,70,0,1,0,0,0
2732,71,0,0,0,1,0
2732,72,0,1,0,0,0
2732,73,0,1,0,0,0
2732,3,0,0,0,1,1
2732,5,0,1,1,0,0
2732,6,0,0,0,0,0
2732,7,1,1,0,0,0
2732,8,0,1,1,0,0
2732,9,0,0,1,1,0
2732,10,0,0,1,1,0
2732,11,0,0,0,1,1
2732,12,1,1,0,0,0
2732,13,1,1,0,0,0
2732,14,1,1,0,0,0
2732,15,1,1,0,0,0
2732,16,1,1,0,0,0
2732,17,0,1,1,0,0
2732,18,0,0,1,1,0
2732,19,0,0,0,1,1
2731,4,1,1,0,0,0
2731,3,0,0,0,1,1
2731,1,0,0,1,0,0
2731,2,0,1,0,0,0
2731,32,1,1,0,0,0
2731,33,0,1,1,0,0
2731,34,1,1,0,0,0
2731,35,1,1,0,0,0
2731,36,1,1,0,0,0
2731,37,0,0,0,1,1
2731,38,1,1,0,0,0
2731,39,1,1,0,0,0
2731,40,0,0,0,1,1
2731,41,1,1,0,0,0
2731,42,0,0,0,1,1
2731,43,0,0,0,1,1
2731,20,1,1,0,0,0
2731,21,0,0,0,1,1
2731,22,1,1,0,0,0
2731,23,0,0,0,1,1
2731,24,1,1,0,0,0
2731,25,0,0,0,1,1
2731,26,0,0,0,1,1
2731,27,1,1,0,0,0
2731,28,0,0,0,0,0
2731,29,0,0,0,1,1
2731,30,1,1,0,0,0
2731,31,1,1,1,0,0
2731,47,0,0,1,0,0
2731,48,0,0,0,1,0
2731,49,0,0,0,1,0
2731,50,0,0,1,0,0
2731,51,0,0,1,0,0
2731,52,0,0,0,1,0
2731,5,0,0,1,1,0
2731,6,1,1,0,0,0
2731,7,0,1,1,0,0
2731,8,1,1,0,0,0
2731,9,0,1,1,0,0
2731,10,1,1,0,0,0
2731,11,0,0,0,1,1
2731,12,1,1,0,0,0
2731,13,0,0,0,1,1
2731,14,0,0,0,1,1
2731,15,0,0,0,1,1
2731,16,1,1,0,0,0
2731,17,1,1,0,0,0
2731,18,0,0,0,1,1
2731,19,0,0,1,1,0
2731,44,0,1,0,0,0
2731,45,0,1,0,0,0
2731,46,0,0,0,1,0
2730,76,0,1,0,0,0
2730,77,0,1,0,0,0
2730,78,0,0,0,1,0
2730,54,0,0,0,1,1
2730,55,1,1,0,0,0
2730,56,1,1,0,0,0
2730,57,0,0,0,1,1
2730,58,0,0,1,1,1
2732,50,0,0,0,0,0
2732,51,0,0,0,0,0
2732,52,0,0,0,0,0
2732,53,0,0,0,0,0
2732,54,0,0,0,0,0
2732,55,0,0,0,0,0
2732,56,0,0,0,0,0
2732,57,0,0,0,0,0
2732,58,0,0,0,0,0
2732,59,0,0,0,0,0
2732,35,0,0,1,1,0
2732,36,0,0,1,1,0
2732,37,0,1,1,0,0
2732,38,0,1,1,0,0
2732,39,1,1,0,0,0
2732,40,0,0,1,1,0
2732,41,0,0,1,1,0
2732,42,0,1,1,0,0
2732,43,0,0,0,1,1
2732,44,0,0,0,1,1
2732,45,1,1,0,0,0
2732,46,0,1,1,0,0
2732,47,0,0,1,1,0
2732,48,1,1,0,0,0
2732,49,0,1,1,0,0
2732,74,0,0,0,1,0
2732,75,0,1,0,0,0
2732,4,1,1,0,0,0
2732,20,0,1,1,0,0
2732,21,1,1,0,0,0
2732,22,0,0,1,1,0
2732,24,1,1,0,0,0
2732,25,0,0,0,1,1
2732,26,1,1,0,0,0
2732,27,1,1,0,0,0
2732,28,1,1,0,0,0
2732,29,1,1,0,0,0
2732,30,1,1,0,0,0
2732,31,1,1,0,0,0
2732,32,0,1,1,0,0
2732,33,0,0,0,1,1
2732,34,0,0,0,1,1
2732,60,0,1,0,0,0
2732,61,0,1,0,0,0
2732,62,0,0,1,0,0
2732,63,0,1,0,0,0
2732,64,0,0,1,0,0
2732,65,0,0,1,0,0
2732,66,0,0,0,1,0
2732,67,0,0,0,1,0
2732,68,0,0,1,0,0
2732,69,0,1,0,0,0
2732,70,0,1,0,0,0
2732,71,0,0,0,1,0
2732,72,0,1,0,0,0
2732,73,0,1,0,0,0
2732,3,0,0,0,1,1
2732,5,0,1,1,0,0
2732,6,0,0,0,0,0
2732,7,1,1,0,0,0
2732,8,0,1,1,0,0
2732,9,0,0,1,1,0
2732,10,0,0,1,1,0
2732,11,0,0,0,1,1
2732,12,1,1,0,0,0
2732,13,1,1,0,0,0
2732,14,1,1,0,0,0
2732,15,1,1,0,0,0
2732,16,1,1,0,0,0
2732,17,0,1,1,0,0
2732,18,0,0,1,1,0
2732,19,0,0,0,1,1
2731,4,1,1,0,0,0
2731,3,0,0,0,1,1
2731,1,0,0,1,0,0
2731,2,0,1,0,0,0
2731,32,1,1,0,0,0
2731,33,0,1,1,0,0
2731,34,1,1,0,0,0
2731,35,1,1,0,0,0
2731,36,1,1,0,0,0
2731,37,0,0,0,1,1
2731,38,1,1,0,0,0
2731,39,1,1,0,0,0
2731,40,0,0,0,1,1
2731,41,1,1,0,0,0
2731,42,0,0,0,1,1
2731,43,0,0,0,1,1
2731,20,1,1,0,0,0
2731,21,0,0,0,1,1
2731,22,1,1,0,0,0
2731,23,0,0,0,1,1
2731,24,1,1,0,0,0
2731,25,0,0,0,1,1
2731,26,0,0,0,1,1
2731,27,1,1,0,0,0
2731,28,0,0,0,0,0
2731,29,0,0,0,1,1
2731,30,1,1,0,0,0
2731,31,1,1,1,0,0
2731,47,0,0,1,0,0
2731,48,0,0,0,1,0
2731,49,0,0,0,1,0
2731,50,0,0,1,0,0
2731,51,0,0,1,0,0
2731,52,0,0,0,1,0
2731,5,0,0,1,1,0
2731,6,1,1,0,0,0
2731,7,0,1,1,0,0
2731,8,1,1,0,0,0
2731,9,0,1,1,0,0
2731,10,1,1,0,0,0
2731,11,0,0,0,1,1
2731,12,1,1,0,0,0
2731,13,0,0,0,1,1
2731,14,0,0,0,1,1
2731,15,0,0,0,1,1
2731,16,1,1,0,0,0
2731,17,1,1,0,0,0
2731,18,0,0,0,1,1
2731,19,0,0,1,1,0
2731,44,0,1,0,0,0
2731,45,0,1,0,0,0
2731,46,0,0,0,1,0
2732,50,1,1,0,0,0
2732,51,1,1,0,0,0
2732,52,0,1,1,0,0
2732,53,0,0,1,1,0
2732,54,0,0,0,1,1
2732,55,0,0,0,1,1
2732,56,1,1,0,0,0
2732,57,0,1,1,0,0
2732,58,1,1,0,0,0
2732,59,0,0,0,1,1
2732,35,0,0,1,1,0
2732,36,0,0,1,1,0
2732,37,0,1,1,0,0
2732,38,0,1,1,0,0
2732,39,1,1,0,0,0
2732,40,0,0,1,1,0
2732,41,0,0,1,1,0
2732,42,0,1,1,0,0
2732,43,0,0,0,1,1
2732,44,0,0,0,1,1
2732,45,1,1,0,0,0
2732,46,0,1,1,0,0
2732,47,0,0,1,1,0
2732,48,1,1,0,0,0
2732,49,0,1,1,0,0
2732,74,0,0,0,1,0
2732,75,0,1,0,0,0
2732,4,1,1,0,0,0
2732,20,0,1,1,0,0
2732,21,1,1,0,0,0
2732,22,0,0,1,1,0
2732,24,1,1,0,0,0
2732,25,0,0,0,1,1
2732,26,1,1,0,0,0
2732,27,1,1,0,0,0
2732,28,1,1,0,0,0
2732,29,1,1,0,0,0
2732,30,1,1,0,0,0
2732,31,1,1,0,0,0
2732,32,0,1,1,0,0
2732,33,0,0,0,1,1
2732,34,0,0,0,1,1
2732,60,0,1,0,0,0
2732,61,0,1,0,0,0
2732,62,0,0,1,0,0
2732,63,0,1,0,0,0
2732,64,0,0,1,0,0
2732,65,0,0,1,0,0
2732,66,0,0,0,1,0
2732,67,0,0,0,1,0
2732,68,0,0,1,0,0
2732,69,0,1,0,0,0
2732,70,0,1,0,0,0
2732,71,0,0,0,1,0
2732,72,0,1,0,0,0
2732,73,0,1,0,0,0
2732,3,0,0,0,1,1
2732,5,0,1,1,0,0
2732,6,0,0,0,0,0
2732,7,1,1,0,0,0
2732,8,0,1,1,0,0
2732,9,0,0,1,1,0
2732,10,0,0,1,1,0
2732,11,0,0,0,1,1
2732,12,1,1,0,0,0
2732,13,1,1,0,0,0
2732,14,1,1,0,0,0
2732,15,1,1,0,0,0
2732,16,1,1,0,0,0
2732,17,0,1,1,0,0
2732,18,0,0,1,1,0
2732,19,0,0,0,1,1
2731,4,1,1,0,0,0
2731,3,0,0,0,1,1
2731,1,0,0,1,0,0
2731,2,0,1,0,0,0
2731,32,1,1,0,0,0
2731,33,0,1,1,0,0
2731,34,1,1,0,0,0
2731,35,1,1,0,0,0
2731,36,1,1,0,0,0
2731,37,0,0,0,1,1
2731,38,1,1,0,0,0
2731,39,1,1,0,0,0
2731,40,0,0,0,1,1
2731,41,1,1,0,0,0
2731,42,0,0,0,1,1
2731,43,0,0,0,1,1
2731,20,1,1,0,0,0
2731,21,0,0,0,1,1
2731,22,1,1,0,0,0
2731,23,0,0,0,1,1
2731,24,1,1,0,0,0
2731,25,0,0,0,1,1
2731,26,0,0,0,1,1
2731,27,1,1,0,0,0
2731,28,0,0,0,0,0
2731,29,0,0,0,1,1
2731,30,1,1,0,0,0
2731,31,1,1,1,0,0
2731,47,0,0,1,0,0
2731,48,0,0,0,1,0
2731,49,0,0,0,1,0
2731,50,0,0,1,0,0
2731,51,0,0,1,0,0
2731,52,0,0,0,1,0
2731,5,0,0,1,1,0
2731,6,1,1,0,0,0
2731,7,0,1,1,0,0
2731,8,1,1,0,0,0
2731,9,0,1,1,0,0
2731,10,1,1,0,0,0
2731,11,0,0,0,1,1
2731,12,1,1,0,0,0
2731,13,0,0,0,1,1
2731,14,0,0,0,1,1
2731,15,0,0,0,1,1
2731,16,1,1,0,0,0
2731,17,1,1,0,0,0
2731,18,0,0,0,1,1
2731,19,0,0,1,1,0
2731,44,0,1,0,0,0
2731,45,0,1,0,0,0
2731,46,0,0,0,1,0
